วันที่,ร้านค้า,เลข Inv,แบรนด์,ชนิดสี,เบส,รหัสสี,จำนวน,หน่วย,ราคา,ราคารวมภาษี,ราคาก่อนภาษี,ยอดภาษี
3/9/2024,ร้าน บ้านสีสวย,53/24,TOA,สีรองพื้น,,,2,กล,590,"1,180.00","1,102.80",77.2
29/9/2024,หจก.นครไทยศิลป์,ORVM6709000060,TOA,เงา,900,N6053,1,กป,250,250,233.64,16.36
29/9/2024,หจก.นครไทยศิลป์,ORVM6709000060,TOA,เงา,D,BA4235,2,กป,380,760,710.28,49.72
29/9/2024,หจก.นครไทยศิลป์,ORVM6709000060,TOA,เงา,B,N6063,1,กป,230,230,214.95,15.05
3/10/2024,หจก.นครไทยศิลป์,ORVM6710000003,TOA,ด้าน,D,R2061,2,กป,400,800,747.66,52.34
3/10/2024,หจก.นครไทยศิลป์,ORVM6710000003,TOA,ด้าน,D,B4235,2,กป,380,760,710.28,49.72
3/10/2024,หจก.นครไทยศิลป์,ORVM6710000003,TOA,ด้าน,D,Y0031,1,กป,460,460,429.91,30.09
3/10/2024,หจก.นครไทยศิลป์,ORVM6710000003,TOA,ด้าน,D,R2067,1,กป,380,380,355.14,24.86
16/1/2025,หจก.นครไทยศิลป์,ORVM6801000028,TOA,เงา,B,N6278,1,กป,250,250,233.64,16.36
16/1/2025,หจก.นครไทยศิลป์,ORVM6801000028,TOA,เงา,B,G5116,1,กป,330,330,308.41,21.59
16/1/2025,หจก.นครไทยศิลป์,ORVM6801000028,BEGER,ด้าน,,C-9302,1,กล,760,760,710.29,49.71
21/1/2025,บริษํท ยุ่งล้ง นคร จำกัด,INR680121-004,TOA,สีย้อมไม้,,D03,1,,850,850,794.39,55.61
21/1/2025,บริษัท ยุ่งล้ง นคร จำกัด,INR680121-004,TOA,กระดาษทรายขัดเครื่อง,,120,3,เมตร,90,270,252.34,17.66
8/1/2025,หจก.นครไทยศิลป์,ORVM6801000013,TOA,เงา,D,K7049,1,กป,280,280,261.68,18.32
23/1/2025,หจก.นครไทยศิลป์,ORVM6801000047,TOA,ด้าน,D,G5254,1,กป,400,400,373.83,26.17
21/1/2025,หจก.นครไทยศิลป์,ORVM6801000042,TOA,เงา,A,N6329,2,กป,250,500,467.29,32.71
21/1/2025,หจก.นครไทยศิลป์,ORVM6801000042,TOA,เงา,B,G5158,2,กป,300,600,560.75,39.25
25/1/2025,หจก.นครไทยศิลป์,ORVM6801000052,TOA,เงา,A,W9138,1,กล,940,940,878.5,61.5
25/1/2025,หจก.นครไทยศิลป์,ORVM6801000052,TOA,ด้าน,D,G5080,2,กป,370,740,691.59,48.41
25/1/2025,หจก.นครไทยศิลป์,ORVM6801000052,TOA,สีย้อมไม้,,FD099,1,กล,790,790,738.32,51.68
31/1/2025,หจก.นครไทยศิลป์,ORVM6801000067,TOA,เงา,A,W9138,1,กล,940,940,878.5,61.5
31/1/2025,หจก.นครไทยศิลป์,ORVM6801000067,TOA,ด้้าน,D,Y0031,1,กป,450,450,420.56,29.44
31/1/2025,หจก.นครไทยศิลป์,ORVM6801000067,TOA,ด้าน,D,O1097,1,กป,290,290,271.03,18.97
29/1/2025,หจก.นครไทยศิลป์,ORVM6801000062,TOA,สีขาว,,PF099,1,กล,790,790,738.32,51.68
29/1/2025,หจก.นครไทยศิลป์,ORVM6801000062,TOA,เงา,A,W9138,1,กล,940,940,878.5,61.5
29/1/2025,หจก.นครไทยศิลป์,ORVM6801000062,TOA,ด้าน,D,G5140,1,กป,416,416,388.79,27.21
31/1/2025,หจก.นครไทยศิลป์,ORVM6801000063,TOA,เงา,A,Y0067,1,กล,"1,590.00","1,590.00","1,485.98",104.02
31/1/2025,หจก.นครไทยศิลป์,ORVM6801000063,TOA,ด้าน,D,O1047,1,กล,930,930,869.16,60.84
21/1/2025,บ้านสีสวย,Oct-44,TOA,รองพื้น+เทา,,,2,,590,"1,180.00","1,102.80",77.2
26/12/2024,หจก.นครไทยศิลป์,ORVM6712000052,TOA,เงา,A,B4132,2,กป,250,500,467.29,32.71
26/12/2024,หจก.นครไทยศิลป์,ORVM6712000052,TOA,เงา,,O814,1,กล,750,750,700.93,49.07
26/12/2024,หจก.นครไทยศิลป์,ORVM6712000052,SIKO,ทินเนอรื,,3A,1,ปิ๊ป,890,890,831.78,58.22
27/12/2025,หจก.นครไทยศิลป์,ORVM6712000055,TOA,สีย้อมไม้,,D03,1,กล,980,980,915.89,64.11
27/12/2025,หจก.นครไทยศิลป์,ORVM6712000055,TOA,เงา,B,N6081,1,กล,890,890,831.78,58.22
3/2/2025,หจก.นครไทยศิลป์,ORVM6802000004,TOA,เงา,A,Y0118,1,กล,980,980,915.89,64.11
3/2/2025,หจก.นครไทยศิลป์,ORVM6802000004,TOA,ด้าน,D,R2061,2,กป,400,800,747.66,52.34
3/2/2025,หจก.นครไทยศิลป์,ORVM6802000004,TOA,ด้าน,D,O1D91,2,กป,400,800,747.66,52.34
3/2/2025,หจก.นครไทยศิลป์,ORVM6802000004,SIKO,ทินเนอรื,,3A,1,ปิ๊ป,890,890,831.78,58.22
3/2/2025,หจก.นครไทยศิลป์,ORVM6802000004,TOA,เงา,A,W9138,1,กล,940,940,878.51,61.49
5/2/2025,หจก.นครไทยศิลป์,ORVM6802000009,TOA,เงา,A,W9138,1,กล,940,940,878.5,61.5
5/2/2025,หจก.นครไทยศิลป์,ORVM6802000009,TOA,เงา,A,Y0113,2,กป,260,520,485.98,34.02
5/2/2025,หจก.นครไทยศิลป์,ORVM6802000009,TOA,สีขาว,,,1,กล,790,790,738.32,51.68
5/2/2025,หจก.นครไทยศิลป์,ORVM6802000009,TOA,ด้าน,D,R2074,1,กป,470,470,439.25,30.75
5/2/2025,หจก.นครไทยศิลป์,ORVM6802000009,SIKO,ทินเนอรื,,3A,1,กล,890,890,831.78,58.22
5/2/2025,หจก.นครไทยศิลป์,ORVM6802000009,TOA,กระดาษทรายฉลาม,,NO.0,60,แผ่น,9,540,504.67,35.33
6/2/2025,หจก.นครไทยศิลป์,ORVM6802000013,TOA,เงา,D,O1091,1,กล,"1,380.00","1,380.00","1,289.72",90.28
6/2/2025,หจก.นครไทยศิลป์,ORVM6802000013,TOA,เงา,C,O10473,1,กป,280,280,261.68,18.32
6/2/2025,หจก.นครไทยศิลป์,ORVM6802000013,BEGER,สีย้อมไม้ เงา,,G-1901,1,กล,750,750,700.93,49.07
8/2/2025,หจก.นครไทยศิลป์,ORVM6802000016,TOA,เงา,A,W9138,1,กล,940,940,878.5,61.5
8/2/2025,หจก.นครไทยศิลป์,ORVM6802000016,TOA,เงา,A,W9120,1,กล,890,890,831.78,58.22
8/2/2025,หจก.นครไทยศิลป์,ORVM6802000016,TOA,สีชาว,,PF099,1,กล,790,790,738.32,51.68
8/2/2025,หจก.นครไทยศิลป์,ORVM6802000016,TOA,เงา,C,O1013,1,กป,280,280,261.68,18.32
11/2/2025,หจก.นครไทยศิลป์,ORVM6802000022,TOA,เงา,C,,1,กป,390,390,364.49,25.51
11/2/2025,หจก.นครไทยศิลป์,ORVM6802000022,TOA,เงา,,O814,1,กล,750,750,700.93,49.07
11/2/2025,หจก.นครไทยศิลป์,ORVM6802000022,SIKO,ทินเนอรื,,3A,1,กล,890,890,831.78,58.22
11/2/2025,หจก.นครไทยศิลป์,ORVM6802000022,TOA,สีย้อมไม้,,S02,1,กป,290,290,271.02,18.98
13/2/2025,หจก.นครไทยศิลป์,ORVM6802000025,SIKO,ทินเนอรื,,3A,1,กล,890,890,831.78,58.22
13/2/2025,หจก.นครไทยศิลป์,ORVM6802000025,TOA,เงา,A,A,1,กป,250,250,233.64,16.36
15/2/2025,หจก.นครไทยศิลป์,ORVM6802000036,TOA,ด้าน,B,Y0117,1,กล,930,930,869.16,60.84
15/2/2025,หจก.นครไทยศิลป์,ORVM6802000036,SIKO,ทินเนอรื,,3A,1,กล,890,890,831.78,58.22
15/2/2025,หจก.นครไทยศิลป์,ORVM6802000036,TOA,สีย้อมไม้,,S05,1,กป,250,250,233.64,16.36
17/2/2025,หจก.นครไทยศิลป์,ORVM6802000040,TOA,เงา,D,Y0104,1,กล,990,990,925.23,64.77
17/2/2025,หจก.นครไทยศิลป์,ORVM6802000040,TOA,เงา,B,Y0112,1,กป,270,270,252.34,17.66
19/2/2025,หจก.นครไทยศิลป์,ORVM6802000048,BEGER,สีย้อมไม้,,C-9302,1,กล,760,760,710.28,49.72
19/2/2025,หจก.นครไทยศิลป์,ORVM6802000048,TOA,เงา,D,Y0097,2,กป,310,620,579.44,40.56
19/2/2025,หจก.นครไทยศิลป์,ORVM6802000048,TOA,เงา,D,R2061,1,กป,390,390,364.49,25.51
20/2/2025,หจก.นครไทยศิลป์,ORVM6802000052,TOA,เงา,D,O1002,1,กป,390,390,364.49,25.51
20/2/2025,หจก.นครไทยศิลป์,ORVM6802000052,TOA,เงา,D,N6175,2,กป,300,600,560.75,39.25
20/2/2025,หจก.นครไทยศิลป์,ORVM6802000052,TOA,สีเทา,,PF088,1,กล,790,790,738.32,51.68
20/2/2025,หจก.นครไทยศิลป์,ORVM6802000052,SIKO,ทินเนอรื,,3A,1,กล,890,890,831.77,58.23
21/2/2025,หจก.นครไทยศิลป์,ORVM6802000054,TOA,ด้าน,C,R2061,1,กป,370,370,345.79,24.21
21/2/2025,บริษัท ยุ่งล้ง นคร จำกัด,INR680221-004,TOA,สีย้อมไม้,,D03,1,,850,850,794.39,55.61
24/2/2025,บริษัท ยุ่งล้ง นคร จำกัด,ORVM6802000065,TOA,ด้าน,A,W9138,1,กล,940,940,878.5,61.5
24/2/2025,บริษัท ยุ่งล้ง นคร จำกัด,ORVM6802000065,TOA,เงา,B,Y0123,1,กล,"1,000.00","1,000.00",934.58,65.42
24/2/2025,บริษัท ยุ่งล้ง นคร จำกัด,ORVM6802000065,TOA,เงา,A,W9031,1,กล,900,900,841.13,58.87
26/2/2025,บริษัท ยุ่งล้ง นคร จำกัด,ORVM6802000070,TOA,เงา,D,N6037,1,กป,270,270,252.34,17.66
26/2/2025,บริษัท ยุ่งล้ง นคร จำกัด,ORVM6802000070,TOA,เงา,C,N6181,1,กป,300,300,280.37,19.63
26/2/2025,บริษัท ยุ่งล้ง นคร จำกัด,ORVM6802000070,TOA,เงา,D,K7025,2,กป,270,540,504.67,35.33
26/2/2025,บริษัท ยุ่งล้ง นคร จำกัด,ORVM6802000070,SIKO,ทินเนอรื,,3603,1,กล,890,890,831.78,58.22
27/2/2025,บริษัท ยุ่งล้ง นคร จำกัด,ORVM6802000074,TOA,สีขาว,,PF099,1,กล,790,790,738.32,51.68
27/2/2025,บริษัท ยุ่งล้ง นคร จำกัด,ORVM6802000074,SIKO,ทินเนอรื,,3603S,1,กล,890,890,831.78,58.22
27/2/2025,บริษัท ยุ่งล้ง นคร จำกัด,ORVM6802000074,TOA,ด้าน,D,K700710,1,กล,930,930,869.16,60.84
28/2/2025,บริษัท ยุ่งล้ง นคร จำกัด,ORVM6802000080,TOA,ด้าน,D,N6175,1,กล,980,980,915.89,64.11
28/2/2025,บริษัท ยุ่งล้ง นคร จำกัด,ORVM6802000080,TOA,,A,G5198,1,กป,250,250,233.64,16.36
3/3/2025,บ้านสีสวย,15/48,TOA,เทา,,,1,กล,590,590,551.4,38.6
3/3/2025,บ้านสีสวย,15/48,TOA,แดง,,R2067,1,กป,390,390,364.49,25.51
3/3/2025,บ้านสีสวย,15/48,TOA,เหลือง,,Y0031,1,กป,490,490,457.94,32.06
3/3/2025,บ้านสีสวย,15/48,TOA,เขียว,,G5163,1,กป,350,350,327.1,22.9
5/3/2025,บ้านสีสวย,27-Oct,TOA,ด้าน,,W9138,1,กล,950,950,887.85,62.15
5/3/2025,บ้านสีสวย,27-Oct,,เงา,,G5115,1,กป,390,390,364.49,25.51
5/3/2025,บ้านสีสวย,27-Oct,,เงา,,B4132,1,กป,250,250,233.64,16.36
5/3/2025,บ้านสีสวย,13/00,,ด้าน,,B4235,1,กป,390,390,364.49,25.51
5/3/2025,บ้านสีสวย,13/00,,สีน้ำมัน,,,1,กล,220,220,205.61,14.39
7/3/2025,บ้านสีสวย,14/03,TOA,ด้าน,,N6170,1,กป,290,290,271.03,18.97
7/3/2025,บ้านสีสวย,14/03,TOA,ด้าน,,G5163,1,กป,320,320,299.07,20.93
10/3/2025,บ้านสีสวย,19-Apr,TOA,เทา,,,1,กล,590,590,551.4,38.6
10/3/2025,บ้านสีสวย,19-Apr,,ทินเนอร์,,,1,ปิ๊ป,890,890,831.78,58.22
10/3/2025,บ้านสีสวย,19-Apr,TOA,ด้าน,,G5163,1,กป,320,320,299.07,20.93
10/3/2025,บ้านสีสวย,19-Apr,TOA,ด้าน,,W9138,1,กป,890,890,831.78,58.22
10/3/2025,บ้านสีสวย,19-Apr,TOA,เงา,,K7044,1,กป,290,290,271.02,18.98
10/3/2025,บ้านสีสวย,Sep-41,TOA,เทา,,,1,กล,590,590,551.4,38.6
10/3/2025,บ้านสีสวย,Sep-41,SIKO,ทินเนอร์,,,1,ปิ๊ป,890,890,831.78,58.22
10/3/2025,บ้านสีสวย,Sep-41,TOA,ด้าน,,G5163,1,กป,320,320,299.07,20.93
10/3/2025,บ้านสีสวย,Sep-41,TOA,ด้าน,,W9163,1,กล,890,890,831.78,58.22
10/3/2025,บ้านสีสวย,Sep-41,TOA,เงา,,K7044,1,กป,290,290,271.03,18.97
11/3/2025,หจก.นครไทยศิลป์,ORVM6803000027,TOA,เงา,B,Y0123,1,กล,"1,000.00","1,000.00",934.58,65.42
11/3/2025,หจก.นครไทยศิลป์,ORVM6803000027,SIKO,ทินเนอร์,,3A,1,ปิ๊ป,890,890,831.78,58.22
11/3/2025,หจก.นครไทยศิลป์,ORVM6803000027,TOA,สีขาว,,PF099,1,กล,790,790,738.32,51.68
11/3/2025,หจก.นครไทยศิลป์,ORVM6803000027,TOA,ด้าน,D,G5145,1,กป,340,340,317.76,22.24
12/3/2025,หจก.นครไทยศิลป์,ORVM6803000036,TOA,ด้าน,D,K7007,1,กล,920,920,859.81,60.19
12/3/2025,หจก.นครไทยศิลป์,ORVM6803000036,TOA,ด้าน,A,W9061,1,กล,900,900,841.12,58.88
12/3/2025,หจก.นครไทยศิลป์,ORVM6803000036,กระทิง,ทินเนอร์,,A3,1,ปิ๊ป,950,950,887.85,62.15
12/3/2025,หจก.นครไทยศิลป์,ORVM6803000036,TOA,สีขาว,,PF099,1,กล,790,790,738.33,51.67
12/3/2025,หจก.นครไทยศิลป์,ORVM6803000036,TOA,กระดาษทราย,NO.0,KACS,60,แผ่น,9,540,504.67,35.33
15/3/2025,หจก.นครไทยศิลป์,ORVM6803000044,BEGER,สีย้อมไม้,,C-9302,2,กป,380,760,710.28,49.72
15/3/2025,หจก.นครไทยศิลป์,ORVM6803000044,TOA,สีขาว,,PF099,2,กล,790,"1,580.00","1,476.64",103.36
17/3/2025,หจก.นครไทยศิลป์,ORVM6803000046,TOA,เงา,A,W9138,2,กล,830,"1,660.00","1,534.72",125.28
17/3/2025,หจก.นครไทยศิลป์,ORVM6803000046,SIKO,ทินเนอร์,,3A,1,กล,840,840,785.05,54.95
17/3/2025,หจก.นครไทยศิลป์,ORVM6803000046,TOA,สีเทา,,PF088,1,กล,750,750,700.93,49.07
17/3/2025,หจก.นครไทยศิลป์,ORVM6803000046,TOA,ด้าน,D,N6181,1,กป,300,300,280.37,19.63
18/3/2025,หจก.นครไทยศิลป์,ORVM6803000050,TOA,เงา,D,O1085,1,กป,390,390,364.49,25.51
19/3/2025,บ้านสีสวย,16-Sep,TOA,ด้าน,,1085,1,กป,450,450,420.56,29.44
19/3/2025,บ้านสีสวย,16-Sep,TOA,ด้าน,,W9138,1,กล,890,890,831.78,58.22
21/3/2025,หจก.นครไทยศิลป์,ORVM6803000062,TOA,เงา,A,,1,กล,950,950,887.85,62.15
21/3/2025,หจก.นครไทยศิลป์,ORVM6803000062,SIKO,ทินเนอร์,,3A,1,ปิ๊ป,890,890,831.78,58.22
24/3/2025,หจก.นครไทยศิลป์,ORVM6803000071,TOA,เงา,A,W9138,1,กล,820,820,766.36,53.64
24/3/2025,หจก.นครไทยศิลป์,ORVM6803000071,SIKO,ทินเนอร์,,3A,1,ปิ๊ป,890,890,831.78,58.22
25/3/2025,หจก.นครไทยศิลป์,ORVM6803000072,TOA,เงา,A,W9138,1,กล,900,900,841.12,58.88
25/3/2025,หจก.นครไทยศิลป์,ORVM6803000072,SIKO,ทินเนอร์,,3A,1,ปิ๊ป,890,890,831.78,58.22
25/3/2025,หจก.นครไทยศิลป์,ORVM6803000072,TOA,เงา,B,Y0117,1,กล,970,970,906.54,63.46
27/3/2025,หจก.นครไทยศิลป์,ORVM6803000075,TOA,เงา,A,8260,1,กล,960,960,897.2,62.8
27/3/2025,หจก.นครไทยศิลป์,ORVM6803000075,TOA,เงา,C,7373,1,กป,290,290,271.03,18.97
27/3/2025,หจก.นครไทยศิลป์,ORVM6803000075,SIKO,ทินเนอร์,,3A,1,ปิ๊ป,890,890,831.77,58.23
31/3/2025,หจก.นครไทยศิลป์,ORVM6803000085,TOA,เงา,D,K7007,2,กล,900,"1,800.00","1,682.24",117.76
31/3/2025,หจก.นครไทยศิลป์,ORVM6803000085,TOA,สีขาว,,PF099,1,กป,200,200,186.92,13.08
31/3/2025,หจก.นครไทยศิลป์,ORVM6803000085,SIKO,ทินเนอร์,,3A,1,ปิ๊ป,890,890,831.77,58.23
3/4/2025,หจก.นครไทยศิลป์,ORVM6804000005,TOA,ด้าน,A,W9138,1,กล,900,900,841.12,58.88
3/4/2025,หจก.นครไทยศิลป์,ORVM6804000005,TOA,ด้าน,D,K7007,2,กป,260,520,485.98,34.02
3/4/2025,หจก.นครไทยศิลป์,ORVM6804000005,SIKO,ทินเนอร์,,3A,1,ปิ๊ป,890,890,831.78,58.22
8/4/2025,บ้านสีสวย,18-Sep,,ด้าน,,W9138,1,กล,890,890,831.78,58.22
8/4/2025,บ้านสีสวย,18-Sep,,ด้าน,,K7007,1,กล,990,990,925.23,64.77
8/4/2025,บ้านสีสวย,18-Sep,SIKO,ทินเนอร์,,3A,1,ปิ๊ป,890,890,831.78,58.22
8/4/2025,บ้านสีสวย,Sep-53,TOA,เทา,,,1,กล,590,590,551.4,38.6
8/4/2025,บ้านสีสวย,Sep-35,TOA,ด้าน,,Y0104,1,กล,950,950,887.85,62.15
8/4/2025,บ้านสีสวย,Sep-35,TOA,เทา,,,1,กล,590,590,551.4,38.6
8/4/2025,บ้านสีสวย,23-Jul,TOA,,,,1,กล,950,950,887.85,62.15
8/4/2025,บ้านสีสวย,23-Jul,TOA,,,,2,กล,590,"1,180.00","1,102.80",77.2
18/4/2025,หจก.นครไทยศิลป์,ORVM6804000024,SIKO,ทินเนอร์,,3A,1,ปิ๊ป,890,890,831.78,58.22
18/4/2025,หจก.นครไทยศิลป์,ORVM6804000024,TOA,สีขาว,,PF099,1,กล,790,790,738.32,51.68
18/4/2025,หจก.นครไทยศิลป์,ORVM6804000024,TOA,ด้าน,D,G5163,1,กป,320,320,299.07,20.93
18/4/2025,หจก.นครไทยศิลป์,ORVM6804000024,TOA,ด้าน,D,K7007,1,กล,920,920,859.81,60.19
18/4/2025,หจก.นครไทยศิลป์,ORVM6804000024,TOA,ด้าน,A,W9138,2,กป,260,520,485.98,34.02
18/4/2025,หจก.นครไทยศิลป์,ORVM6804000024,TOA,ด้าน,A,K7075,1,กป,250,250,233.64,16.36
26/4/2025,หจก.นครไทยศิลป์,ORVM6804000045,SIKO,ทินเนอร์,,3603S,1,ปิ๊ป,890,890,831.78,58.22
26/4/2025,หจก.นครไทยศิลป์,ORVM6804000044,TOA,สีน้ำมัน,A,W9138,2,กป,200,400,373.83,26.17
26/4/2025,หจก.นครไทยศิลป์,ORVM6804000044,TOA,ด้าน,D,K7007,1,กล,900,900,841.12,58.88
26/4/2025,หจก.นครไทยศิลป์,ORVM6804000044,TOA,ด้าน,D,Y0115,1,กป,300,300,280.38,19.62
28/4/2025,หจก.นครไทยศิลป์,ORVM6804000048,TOA,ด้าน,D,Y0115,1,กล,"1,200.00","1,200.00","1,121.50",78.5
28/4/2025,หจก.นครไทยศิลป์,ORVM6804000048,SIKO,ทินเนอร์,,3603S,1,ปิ๊ป,890,890,831.78,58.22
9/5/2025,หจก.นครไทยศิลป์,ORVM6805000016,TOA,ด้าน,A,7211,1,กป,250,250,233.64,16.36
9/5/2025,หจก.นครไทยศิลป์,ORVM6805000016,TOA,เงา,A,Y0131,2,กป,270,540,504.67,35.33
9/5/2025,หจก.นครไทยศิลป์,ORVM6805000016,BEGER,สีขาว,,IL900,2,กล,,0,0,0
9/5/2025,หจก.นครไทยศิลป์,ORVM6805000016,TOA,กระดาาทรายขัดแห้ง,,NO.180,57,แผ่น,10,570,532.71,37.29
13/5/2025,หจก.นครไทยศิลป์,ORVM6805000021,TOA,ด้าน,A,W9138,1,กล,900,900,841.12,58.88
13/5/2025,อหจก.นครไทยศิลป์,ORVM6805000021,TOA,ด้าน,B,Y0117,1,กล,900,900,841.12,58.88
23/5/2025,อหจก.นครไทยศิลป์,ORVM6805000040,TOA,สีย้อมพื้นไม้,,FD099,2,กล,790,"1,580.00","1,476.64",103.36
23/5/2025,อหจก.นครไทยศิลป์,ORVM6805000040,TOA,เงา,A,G853,1,กป,260,260,242.99,17.01
23/5/2025,อหจก.นครไทยศิลป์,ORVM6805000040,TOA,ด้าน,D,B4247,1,กป,330,330,308.41,21.59
23/5/2025,อหจก.นครไทยศิลป์,ORVM6805000040,TOA,ด้าน,D,Y0115,1,กป,320,320,299.07,20.93
24/5/2025,อหจก.นครไทยศิลป์,ORVM6805000043,SIKO,ทินเนอร์์แะครีลิล,,3603S,1,ปิ๊ป,890,890,831.78,58.22
24/5/2025,อหจก.นครไทยศิลป์,ORVM6805000043,TOA,ด้าน,D,K7037,1,กล,940,940,878.5,61.5
29/5/2025,อหจก.นครไทยศิลป์,ORVM6805000051,SIKO,ทินเนอร์อะครีลิค,,3603S,1,ปิ๊ป,890,890,831.78,58.22
29/5/2025,อหจก.นครไทยศิลป์,ORVM6805000051,TOA,ด้าน,D,N6073,1,กป,240,240,224.3,15.7
29/5/2025,อหจก.นครไทยศิลป์,ORVM6805000051,TOA,ด้าน,D,R2061,1,กป,370,370,345.79,24.21
2/7/2025,อหจก.นครไทยศิลป์,ORVM6807000003,TOA,สีขาว,,PF099,2,กล,790,"1,580.00","1,476.64",103.36
3/6/2025,อหจก.นครไทยศิลป์,ORVM6806000005,SIKO,ทินเนอร์อะครีลิค,,3603S,1,ปิ๊ป,890,890,831.78,58.22
3/6/2025,อหจก.นครไทยศิลป์,ORVM6806000005,TOA,เงา,A,W9138,1,กล,940,940,878.5,61.5
3/6/2025,อหจก.นครไทยศิลป์,ORVM6806000005,TOA,ด้าน,D,K7007,1,กป,260,260,242.99,17.01
3/6/2025,อหจก.นครไทยศิลป์,ORVM6806000005,TOA,สีขาว,,PF099,1,กล,790,790,738.32,51.68
7/6/2025,อหจก.นครไทยศิลป์,ORVM6806000008,TOA,เงา,A,W9138,1,กป,260,260,242.99,17.01
7/6/2025,อหจก.นครไทยศิลป์,ORVM6806000008,TOA,เงา,B,K7075,1,กป,260,260,242.99,17.01
7/6/2025,อหจก.นครไทยศิลป์,ORVM6806000008,TOA,เงา,A,B4140,1,กป,260,260,242.99,17.01
9/6/2025,อหจก.นครไทยศิลป์,ORVM6806000014,TOA,ด้าน,A,W9136,1,กล,940,940,878.5,61.5
9/6/2025,อหจก.นครไทยศิลป์,ORVM6806000014,TOA,ด้าน,D,K7037,1,กล,940,940,878.5,61.5
17/6/2025,อหจก.นครไทยศิลป์,ORVM6806000030,TOA,ด้าน,D,NS6169,2,กป,270,540,504.67,35.33
19/6/2025,อหจก.นครไทยศิลป์,ORVM6806000037,SIKO,ทินเนอร์อะครีลิิค,,3603S,1,ปิ๊ป,890,890,831.78,58.22
19/6/2025,อหจก.นครไทยศิลป์,ORVM6806000037,TOA,สีขาว,,PF099,2,กล,790,"1,580.00","1,476.64",103.36
19/6/2025,อหจก.นครไทยศิลป์,ORVM6806000037,TOA,ด้าน,D,B4061,1,กป,290,290,271.03,18.97
20/6/2025,อหจก.นครไทยศิลป์,ORVM6806000038,TOA,เงา,D,R2061,1,กป,390,390,364.49,25.51
20/6/2025,อหจก.นครไทยศิลป์,ORVM6806000038,TOA,เงา,A,G583,1,กป,280,280,261.68,18.32
21/4/2025,บ้านสีสวย,Aug-37,TOA,,,,3,กล,890,"2,670.00","2,495.33",174.67
21/4/2025,บ้านสีสวย,Aug-37,TOA,,,,1,กล,990,990,925.23,64.77
21/4/2025,บ้านสีสวย,Aug-37,TOA,,,,1,กป,490,490,457.94,32.06
21/4/2025,บ้านสีสวย,Aug-37,TOA,,,,1,กป,270,270,252.34,17.66
21/4/2025,บ้านสีสวย,Aug-37,TOA,,,,1,กล,590,590,551.4,38.6
21/4/2025,บ้านสีสวย,Aug-37,BEGER,สีย้อมไม้,,,1,กล,320,320,299.07,20.93
21/4/2025,บ้านสีสวย,Aug-37,BEECO,ทินเนอร์,,,1,ปิ๊ป,890,890,831.78,58.22
23/5/2025,อหจก.นครไทยศิลป์,ORVM6805000040,TOA,สีย้อมพื้นไหม,,FD099,2,กล,790,"1,580.00","1,476.64",103.36
23/5/2025,อหจก.นครไทยศิลป์,ORVM6805000040,TOA,เงา,A,G853,1,กป,260,260,242.99,17.01
23/5/2025,อหจก.นครไทยศิลป์,ORVM6805000040,TOA,ด้าน,D,B4247,1,กป,330,330,308.41,21.59
23/5/2025,อหจก.นครไทยศิลป์,ORVM6805000040,TOA,ด้าน,D,Y0115,1,กป,320,320,299.07,20.93
28/6/2025,บ้านสีสวย,17/15,TOA,,,,1,กป,260,260,242.99,17.01
28/6/2025,บ้านสีสวย,17/15,TOA,,,,1,กป,270,270,252.34,17.66
3/7/2025,อหจก.นครไทยศิลป์,ORVM6807000006,TOA,ด้าน,D,R2061,1,กป,400,400,373.83,26.17
3/7/2025,อหจก.นครไทยศิลป์,ORVM6807000006,TOA,ด้าน,A,21001,1,กล,900,900,841.12,58.88
4/7/2025,อหจก.นครไทยศิลป์,ORVM6807000012,TOA,ด้าน,A,K7075,1,กป,260,260,242.99,17.01
4/7/2025,อหจก.นครไทยศิลป์,ORVM6807000012,TOA,ด้าน,A,Y0131,1,กป,270,270,252.34,17.66
4/7/2025,อหจก.นครไทยศิลป์,ORVM6807000012,TOA,ด้าน,A,O1017,1,กป,350,350,327.1,22.9
9/7/2025,อหจก.นครไทยศิลป์,ORVM6807000019,TOA,ด้าน,A,W9138,1,กล,940,940,878.5,61.5
9/7/2025,อหจก.นครไทยศิลป์,ORVM6807000019,TOA,ด้าน,D,K7037,1,กล,940,940,878.5,61.5
10/7/2025,อหจก.นครไทยศิลป์,ORVM6807000021,TOA,ด้าน,,FD099,2,กล,790,"1,580.00","1,476.64",103.36
10/7/2025,อหจก.นครไทยศิลป์,ORVM6807000021,SIKO,ทินเนอร์อะครีลิค,,3603S,1,ปิ๊ป,890,890,831.78,58.22
11/7/0205,อหจก.นครไทยศิลป์,ORVM6807000041,SIKO,ทินเนอร์อะครีลิค,,3603S,1,ปิ๊ป,890,890,831.78,58.22
11/7/0205,อหจก.นครไทยศิลป์,ORVM6807000041,TOA,ด้าน,A,W9054,1,กป,250,250,233.64,16.36
11/7/0205,อหจก.นครไทยศิลป์,ORVM6807000041,TOA,ด้าน,B,Y0086,1,กล,"1,280.00","1,280.00","1,196.26",83.74
11/7/0205,อหจก.นครไทยศิลป์,ORVM6807000041,TOA,ด้าน,A,O1017,1,กล,"1,300.00","1,300.00","1,214.95",85.05
14/7/2025,อหจก.นครไทยศิลป์,ORVM6807000032,SIKO,ทินเนอร์อะครีลิค,,3603S,1,ปิ๊ป,890,890,831.78,58.22
14/7/2025,อหจก.นครไทยศิลป์,ORVM6807000032,TOA,สีขาว,,PF099,2,กล,790,"1,580.00","1,476.64",103.36
14/7/2025,อหจก.นครไทยศิลป์,ORVM6807000032,TOA,ด้าน,A,21001,2,กป,250,500,467.29,32.71
14/7/2025,อหจก.นครไทยศิลป์,ORVM6807000032,TOA,ด้าน,A,O1021,1,กป,270,270,252.34,17.66
14/7/2025,อหจก.นครไทยศิลป์,ORVM6807000032,TOA,ด้าน,D,,1,กป,300,300,280.37,19.63
14/7/2025,อหจก.นครไทยศิลป์,ORVM6807000032,BEGER,สีย้อมไม้,,C-9302,2,กป,280,560,523.36,36.64
21/7/2025,อหจก.นครไทยศิลป์,ORVM6807000070,TOA,สีขาว,,PF099,1,กล,790,790,738.32,51.68
21/7/2025,อหจก.นครไทยศิลป์,ORVM6807000070,TOA,ด้าน,A,,1,กล,940,940,878.5,61.5
21/7/2025,อหจก.นครไทยศิลป์,ORVM6807000070,TOA,เงา,A,,2,กป,280,560,523.36,36.64
21/7/2025,อหจก.นครไทยศิลป์,ORVM6807000070,BEGER,สีย้อมไม้ด้าน,,C-9302,1,กป,280,280,261.68,18.32
23/7/2025,อหจก.นครไทยศิลป์,ORVM6807000053,TOA,สีขาว,,PF099,1,กล,790,790,738.32,51.68
23/7/2025,อหจก.นครไทยศิลป์,ORVM6807000053,TOA,ด้าน,D,N6175,2,กป,260,520,485.98,34.02
23/7/2025,อหจก.นครไทยศิลป์,ORVM6807000053,TOA,กระดาษทราย,NO.0,KACS,60,แผ่น,9,540,504.67,35.33
24/7/2025,อหจก.นครไทยศิลป์,ORVM6807000059,TOA,ด้าน,D,B4151,2,กป,360,720,672.9,47.1
24/7/2025,อหจก.นครไทยศิลป์,ORVM6807000059,TOA,เงา,D,K7037,1,กล,940,940,878.5,61.5
1/8/2025,อหจก.นครไทยศิลป์,ORVM6808000002,TOA,เงา,A,8476,1,กป,250,250,233.64,16.36
1/8/2025,อหจก.นครไทยศิลป์,ORVM6808000002,TOA,เงา,A,21001,1,กป,250,250,233.64,16.36
1/8/2025,อหจก.นครไทยศิลป์,ORVM6808000002,TOA,ด้าน,A,W138,1,กล,940,940,878.5,61.5
1/8/2025,อหจก.นครไทยศิลป์,ORVM6808000002,TOA,สีขาว,,PF099,1,กล,790,790,738.32,51.68
14/8/2025,อหจก.นครไทยศิลป์,ORVM6808000044,TOA,เงา,A,R2164,1,กป,260,260,242.99,17.01
14/8/2025,อหจก.นครไทยศิลป์,ORVM6808000044,TOA,กระดาษทราย,NO.0,KACS,60,แผ่น,9,540,504.67,35.33
19/8/2025,อหจก.นครไทยศิลป์,ORVM6808000054,TOA,ด้าน,A,W9138,1,กล,940,940,878.5,61.5
19/8/2025,อหจก.นครไทยศิลป์,ORVM6808000054,SIKO,ทินเนอร์อะครีลิค,,3603S,1,ปิ๊ป,890,890,831.78,58.22
25/8/2025,อหจก.นครไทยศิลป์,ORVM6808000067,TOA,ด้าน,D,N6175,2,กป,260,520,485.98,34.02
3/1/2025,AC DELCO,-,FB,แบตเตอรี่+เทริ่ช,,,1,อัน,"2,500.00","2,500.00","2,336.45",163.55
8/1/2025,โรงงานวงกบหมู่รุ่งเรืองกิจ,42/15,-,80x200,,,1,อัน,"3,700.00","3,700.00","3,457.94",242.06
8/1/2025,,,BEGER,เครือบล้าง,,,1,กล,720,720,672.9,47.1
9/1/2025,บริษัท อภิศักดิ์การค้า จำกัด,,,กระดาษกาว,,,8,ม้วน,30,240,224.3,15.7
9/1/2025,,,,กระดาษกาว,,,5,,20,100,93.46,6.54
16/1/2025,,,,,,,1,,720,720,672.9,47.1
16/1/2025,,,,,,,1,,25,25,23.36,1.64
31/1/2025,โรงแปรรูปไม้สมโชค,,,100x200,,,1,บาน,"5,000.00","5,000.00","4,672.90",327.1
31/1/2025,โรงแปรรูปไม้สมโชค,,,80x200,,,2,บาน,"3,000.00","6,000.00","5,607.48",392.52
31/1/2025,โรงแปรรูปไม้สมโชค,,,200x205,,,1,ชุด,"6,800.00","6,800.00","6,355.14",444.86
31/1/2025,โรงแปรรูปไม้สมโชค,,,86x232,,,1,ชุด,"8,000.00","8,000.00","7,476.64",523.36
31/1/2025,โรงแปรรูปไม้สมโชค,,,96x252,,,1,ชุด,"8,000.00","8,000.00","7,476.64",523.36
31/1/2025,โรงแปรรูปไม้สมโชค,,,80x200,,,1,บาน,"2,900.00","2,900.00","2,710.28",189.72
31/1/2025,โรงแปรรูปไม้สมโชค,,,120x210,,,1,ชุด,"4,900.00","4,900.00","4,579.44",320.56
24/1/2025,โรงแปรรูปไม้สมโชค,,,90x240 บานสวิง,,,1,ชุด,"5,700.00","5,700.00","5,327.10",372.9
24/1/2025,โรงแปรรูปไม้สมโชค,,,90x203.5 หนา 3.5,,,2,ชุด,"3,600.00","7,200.00","6,728.97",471.03
24/1/2025,โรงแปรรูปไม้สมโชค,,,100x265,,,1,บาน,"4,500.00","4,500.00","4,205.61",294.39
24/1/2025,โรงแปรรูปไม้สมโชค,,,100x200 หนา3.5,,,1,ชุด,"3,200.00","3,200.00","2,990.65",209.35
24/1/2025,โรงแปรรูปไม้สมโชค,,,80x200,,,2,บาน,"2,900.00","5,800.00","5,420.56",379.44
24/1/2025,โรงแปรรูปไม้สมโชค,,,86x204,,,1,ชุด,"2,600.00","2,600.00","2,429.91",170.09
24/1/2025,โรงแปรรูปไม้สมโชค,,,80x200,,,1,ชุด,"2,900.00","2,900.00","2,710.28",189.72
24/1/2025,โรงแปรรูปไม้สมโชค,,,125x156,,,1,บาน,"4,000.00","4,000.00","3,738.32",261.68
24/1/2025,,,SIKO,ทินเนอร์,,,1,ปิ๊ป,850,850,794.39,55.61
24/1/2025,,,BEGER,,,,1,,60,60,56.07,3.93
13/1/2025,โรงแปรรูปไม้สมโชก,,,80x200,,,1,ชุด,"3,600.00","3,600.00","3,364.49",235.51
18/1/2025,โรงแปรรูปไม้สมโชก,,,140x240,,,1,ชุด,"7,000.00","7,000.00","6,542.06",457.94
18/1/2025,โรงแปรรูปไม้สมโชก,,,200x236,,,1,ชุด,"4,500.00","4,500.00","4,205.61",294.39
18/1/2025,โรงแปรรูปไม้สมโชก,,,84x204,,,1,บาน,"2,000.00","2,000.00","1,869.16",130.84
18/1/2025,โรงแปรรูปไม้สมโชก,,,126x220 ไม้หนา 4 cm,,,1,ชุด,"6,300.00","6,300.00","5,887.85",412.15
18/1/2025,โรงแปรรูปไม้สมโชก,,,90x200,,,1,บาน,"2,700.00","2,700.00","2,523.36",176.64
30/1/2025,นครไทยศิลป์,OSVS6801000610,SIKO,ทินเนอร์อะครีลิค,,3603S,1,ปิ๊ป,890,890,831.78,58.22
25/1/2025,นครไทยศิลป์,OSVS6801000489,TOA,เงา,A,W9138,1,กล,940,940,878.5,61.5
25/1/2025,นครไทยศิลป์,OSVS6801000489,TOA,ด้าน,D,G5080,2,กป,370,740,691.59,48.41
25/1/2025,นครไทยศิลป์,OSVS6801000489,TOA,สีขาว,,PF099,1,กล,290,290,271.03,18.97
29/1/2025,นครไทยศิลป์,OSVS6801000584,TOA,สีขาว,,PF099,1,กล,790,790,738.32,51.68
29/1/2025,นครไทยศิลป์,OSVS6801000584,TOA,เงา,A,W9138,1,กล,940,940,878.5,61.5
29/1/2025,นครไทยศิลป์,OSVS6801000584,TOA,ด้าน,D,G5140,1,กป,416,416,388.79,27.21
31/1/2025,นครไทยศิลป์,OSVS6801000631,TOA,เงา,A,W9138,1,กล,940,940,878.5,61.5
31/1/2025,นครไทยศิลป์,OSVS6801000631,TOA,ด้าน,D,Y0031,1,กป,450,450,420.56,29.44
31/1/2025,นครไทยศิลป์,OSVS6801000631,TOA,ด้าน,D,O1097,1,กป,290,290,271.03,18.97
30/1/2025,นครไทยศิลป์,OSVS6801000603,TOA,เงา,A,O1047,1,กล,"1,590.00","1,590.00","1,485.98",104.02
30/1/2025,นครไทยศิลป์,OSVS6801000603,TOA,ด้าน,D,Y0067,1,กล,930,930,869.16,60.84
21/1/2025,นครไทยศิลป์,OSVS6801000378,TOA,เงา,A,N6329,2,กป,250,500,467.29,32.71
21/1/2025,นครไทยศิลป์,OSVS6801000378,TOA,เงา,B,G5158,2,กป,300,600,560.75,39.25
11/1/2025,โรงแปรรูปไม้สมโชก,,,ชุดบานเลื่อน 80x200,,,1,ชุด,"5,500.00","5,500.00","5,140.19",359.81
11/1/2025,โรงแปรรูปไม้สมโชก,,,150x100,,,1,บาน,"2,000.00","2,000.00","1,869.16",130.84
11/1/2025,โรงแปรรูปไม้สมโชก,,,กระดาษทราย 240,240,,200,แผ่น,8.5,"1,700.00","1,588.79",111.21
11/1/2025,โรงแปรรูปไม้สมโชก,,,กระดาษทราย 320,320,,200,แผ่่น,8.5,"1,700.00","1,588.79",111.21
11/1/2025,โรงแปรรูปไม้สมโชก,,,ค่าส่ง,,,1,รอบ,50,50,46.73,3.27
11/1/2025,โรงแปรรูปไม้สมโชก,,,80x200,,,3,บาน,600,"1,800.00","1,682.24",117.76
10/1/2025,โรงแปรรูปไม้สมโชก,,,160x205,,,1,ชุด,"5,800.00","5,800.00","5,420.56",379.44
10/1/2025,โรงแปรรูปไม้สมโชก,,,80x200,,,2,บาน,"3,000.00","6,000.00","5,607.48",392.52
10/1/2025,โรงแปรรูปไม้สมโชก,,,80x200,,,2,บาน,"3,000.00","6,000.00","5,607.48",392.52
6/1/2025,โรงแปรรูปไม้สมโชก,,,120x205,,,1,ชุด,"7,500.00","7,500.00","7,009.35",490.65
22/1/2025,,,SIKO,ทินเนอร์อะครีลิค,,,2,ปิ๊ป,850,"1,700.00","1,588.79",111.21
26/12/2024,โรงแปรรูปไม้สมโชก,,,70x200,,,2,บาน,"2,000.00","4,000.00","3,738.32",261.68
26/12/2024,โรงแปรรูปไม้สมโชก,,,70x200,,,2,บาน,600,"1,200.00","1,121.50",78.5
26/12/2024,โรงแปรรูปไม้สมโชก,,,เจาะใส่ลูกบิด,,,2,ชุด,100,200,186.92,13.08
26/12/2024,โรงแปรรูปไม้สมโชก,,,เจาะใส่่ชุดตลับล็อก,,,1,ชุด,100,100,93.46,6.54
27/12/2024,,,,เทปกาว,,,10,อัน,30,300,280.37,19.63
27/12/2024,,,,กระดาษทราย 80,80,,3,แผ่น,100,300,280.37,19.63
3/2/2025,นครไทยศิลป์,OSVS6802000020,TOA,เงา,A,Y0118,1,กล,980,980,915.89,64.11
3/2/2025,นครไทยศิลป์,OSVS6802000020,TOA,ด้าน,D,R2061,2,กป,400,800,747.66,52.34
3/2/2025,นครไทยศิลป์,OSVS6802000020,TOA,ด้าน,D,O1091,2,กป,400,800,747.66,52.34
3/2/2025,นครไทยศิลป์,OSVS6802000020,SIKO,ทินเนอร์อะครีลิค,,3603S,1,ปิ๊ป,890,890,831.78,58.22
3/2/2025,นครไทยศิลป์,OSVS6802000020,TOA,เงา,A,W9138,1,กล,940,940,878.5,61.5
4/2/2025,โรงแปรรูปไม้สมโชก,,,100x220,,,2,บาน,"4,500.00","9,000.00","8,411.21",588.79
4/2/2025,โรงแปรรูปไม้สมโชก,,,100x220,,,2,วง,700,"1,400.00","1,308.41",91.59
4/2/2025,โรงแปรรูปไม้สมโชก,,,141x216,,,1,ชุด,"5,000.00","5,000.00","4,672.90",327.1
4/2/2025,โรงแปรรูปไม้สมโชก,,,98x222,,,1,ชุด,"4,500.00","4,500.00","4,205.61",294.39
4/2/2025,โรงแปรรูปไม้สมโชก,,,ซับวงกบ,,,2,ชุด,"2,592.00","5,184.00","4,844.86",339.14
4/2/2025,โรงแปรรูปไม้สมโชก,,,ซับวงกบ,,,2,ชุด,"1,152.00","2,304.00","2,153.27",150.73
4/2/2025,ห้างหุ่นส่วนจำกัด ทรัพย์ธนากิจปิโตรเลียม,TI000016802000171,DIESEL,น้ำมัน,,,14.975,ลิต,33.39,500.02,467.3,32.71
5/2/2025,โรงแปรรูปไม้สมโชก,,,80x200 หนา 3.5,,,1,บาน,"3,000.00","3,000.00","2,803.74",196.26
5/2/2025,โรงแปรรูปไม้สมโชก,,,100x200,,,1,บาน,"2,700.00","2,700.00","2,523.36",176.64
5/2/2025,,,,,,,2,,60,120,112.15,7.85
5/2/2025,,,BEGER,เครียด้าน,,,1,กล,720,720,672.9,47.1
7/2/2025,โรงแปรรูปไม้สมโชก,,,131x240,,,1,วง,"4,500.00","4,500.00","4,205.61",294.39
7/2/2025,โรงแปรรูปไม้สมโชก,,,40x150,,,2,ชุด,"2,500.00","5,000.00","4,672.90",327.1
7/2/2025,โรงแปรรูปไม้สมโชก,,,แก้บานแคปซูมกับบานยุโรป,,,1,ชุด,300,300,280.37,19.63
7/2/2025,,,SIKO,ทินเนอร์,,,2,ปิ๊ป,850,"1,700.00","1,588.79",111.21
7/2/2025,,,,สีทาไม้,,A9104,1,,320,320,299.07,20.93
8/2/2025,สุดนธ์ดาร์แดร์,,,น้ำมันเครื่อง,,,1,กล,120,120,112.15,7.85
8/2/2025,สุดนธ์ดาร์แดร์,,,กรองน้ำมันเครื่อง,,,1,ชื้น,200,200,186.92,13.08
8/2/2025,สุดนธ์ดาร์แดร์,,,น้ำ้ำมันเกียร์,,,3,ลิตร,250,750,700.93,49.07
8/2/2025,อสุดนธ์ดาร์แดร์,,,ล้างหัวฉีด,,,1,อัน,280,280,261.68,18.32
8/2/2025,,,,ปลั๊กเสียบไฟหน้า,,,2,อัน,120,240,224.3,15.7
8/2/2025,,,,หลอดไฟหน้า,,,1,อัน,220,220,205.61,14.39
8/2/2025,,,,สี่ยไฟ ฟิวส,,,1,อัน,250,250,233.64,16.36
10/2/2025,โรงงานกบหมูรุ่งเรืองกิจ,43/10,,80x200,,,2,บาน,"1,800.00","3,600.00","3,364.49",235.51
10/2/2025,โรงงานกบหมูรุ่งเรืองกิจ,43/10,,80x200 เสมอขอบ,,,2,บาน,"5,000.00","10,000.00","9,345.79",654.21
10/2/2025,pttststlon,3404000543,,น้ำมัน,,,1,,500,500,467.29,32.71
11/2/2025,,,SIKO,ทินเนอร์,,,1,ปิ๊ป,850,850,794.39,55.61
11/2/2025,,,,กระดาษทราย,120,,2,ม,100,200,186.92,13.08
11/2/2025,,,,กระดาษทราย,80,,2,ม,100,200,186.92,13.08
11/2/2025,,,,กาวร้อน,,,2,ช้้น,25,50,46.73,3.27
11/2/2025,นครไทยศิลป์,OSVS6802000192,TOA,เงา,C,G5254,1,กป,390,390,364.49,25.51
11/2/2025,นครไทยศิลป์,OSVS6802000192,TOA,เงา,,814,1,กล,750,750,700.93,49.07
11/2/2025,นครไทยศิลป์,OSVS6802000192,SIKO,ทินเนอร์์อะครีลิค,,3603S,1,ปิ๊ป,890,890,831.78,58.22
11/2/2025,นครไทยศิลป์,OSVS6802000192,TOA,สีย้อมไม้,,S02,1,กป,290,290,271.03,18.97
12/2/2025,,,,ประตูน้ำ,,,1,บาน,75,75,70.09,4.91
12/2/2025,,,,กาว,,,1,ช้้น,75,75,70.09,4.91
12/2/2025,,,,กาว,,,1,ช้้น,15,15,14.02,0.98
12/2/2025,,,BEGER,เบเยอร์,,93002,1,กล,720,720,672.9,47.1
12/2/2025,,,,เทปกาว,,,1,กล,260,260,242.99,17.01
13/2/2025,นครไทยศิลป์,OSVS6802000264,SIKO,ทินเนอร์อะครีลิค,,3603S,1,ปิ๊ป,890,890,831.78,58.22
13/2/2025,นครไทยศิลป์,OSVS6802000264,TOA,เงา,A,G5198,1,กป,250,250,233.64,16.36
13/2/2025,,11-Apr,,บานหน้าตางใส,32x74,,4,บาน,60,240,224.3,15.7
13/2/2025,,11-Apr,,ประตููใส,213x441,,1,บาน,280,280,261.68,18.32
13/2/2025,,11-Apr,,บานหน้าตางฟ้า,32x74,,4,บาน,100,400,373.83,26.17
13/2/2025,,10-Apr,,ประตูลุกฟัก 8 ช่องใส,200x80,,1,บาน,480,480,448.6,31.4
13/2/2025,,10-Apr,,หน้าตาง (ยิงทาง),54x30,,2,บาน,30,60,56.07,3.93
13/2/2025,,10-Apr,,หน้าต่างใส่,54x43,,2,บาน,60,120,112.15,7.85
13/2/2025,,10-Apr,,ประตูกระจกโค้งเหล้ก,200x80,,1,บาน,120,120,112.15,7.85
13/2/2025,,10-Apr,,ช่องแสงโค้ง+บานหน้าต่างใส,100x50,,1,บาน,550,550,514.02,35.98
13/2/2025,,10-Apr,,ประตูช่องแสงเล็กใส,220x80,,1,บาน,160,160,149.53,10.47
13/2/2025,,10-Apr,,ประตูลุุกฟัก 4 ช่องใส,205x85,,1,บาน,280,280,261.68,18.32
13/2/2025,,10-Apr,,ประตูกระจกโค้งเล็กใส,210x106,,1,บาน,140,140,130.84,9.16
13/2/2025,,10-Apr,,ประตูใส,200x80,,1,บาน,240,240,224.3,15.7
13/2/2025,,10-Apr,,ช่องแสงโค้งใส,100x150,,1,บาน,700,700,654.21,45.79
13/2/2025,,10-Apr,,ช่องแสง+บานกระทุ้ง6บาานใส,156x125,,1,บาน,520,520,485.98,34.02
13/2/2025,,10-Apr,,ประตูกระจกโค้งเลทฟ้า,200x80,,3,บาน,150,450,420.56,29.44
13/2/2025,,10-Apr,,ประตูมีกระจกกลมใส,200x90,,1,บาน,200,200,186.92,13.08
13/2/2025,,10-Apr,,ประตูใส,200x100,,1,บาน,420,420,392.52,27.48
13/2/2025,,10-Apr,,ประตุลูทฟัท 6 ช่องใส,200x100,,1,บาน,300,300,280.37,19.63
13/2/2025,,10-Apr,,ประตูมีีช่องแสงเล็กใส,207x80,,1,บาน,150,150,140.19,9.81
13/2/2025,,9-Apr,,ประตูโค้งใส,250x120,,1,บาน,"2,750.00","2,750.00","2,570.09",179.91
13/2/2025,,9-Apr,,ประตุใส,200x70,,1,บาน,300,300,280.37,19.63
13/2/2025,,9-Apr,,ช่องแสงโค้งใส,40x150,,1,บาน,250,250,233.64,16.36
13/2/2025,,9-Apr,,หน้าต่างโค้งใส,218x30,,2,บาน,120,240,224.3,15.7
13/2/2025,,9-Apr,,ประตูใส,54x43,,2,บาน,60,120,112.15,7.85
13/2/2025,,9-Apr,,หน้าต่างโค้งใส,54x30,,2,บาน,50,100,93.46,6.54
13/2/2025,,9-Apr,,ช่องแสง+บานหน้าต่างใส,90x50,,1,บาน,150,150,140.19,9.81
13/2/2025,,9-Apr,,กระจกกลม 3 ช่องใส,100,,1,บาน,520,520,485.98,34.02
13/2/2025,,9-Apr,,ประตูลูกฟัก 9 ช่องใส่,220x94,,1,บาน,350,350,327.1,22.9
13/2/2025,,9-Apr,,ช่องแสงแปรลูกฟักใส,155x110,,1,บาน,700,700,654.21,45.79
13/2/2025,,9-Apr,,ประตูโค้กลุกฟัก 6 ช่องใส,200x80,,1,บาน,320,320,299.07,20.93
13/2/2025,,9-Apr,,แปรลูกฟักใส่หน้าต่าง,150x65,,1,บาน,300,300,280.37,19.63
13/2/2025,,9-Apr,,ประตูลูกฟััก 8 ช่องใส่(ยิงกาว),200x80,,1,บาน,60,60,56.07,3.93
13/2/2025,,9-Apr,,กระจกกลม 3 ช่องสีชา,100x,,1,บาน,560,560,523.36,36.64
13/2/2025,,9-Apr,,ช่องแสงโค้ง+บาทหน้าต่างใส่,120x80,,1,บาน,260,260,242.99,17.01
13/2/2025,,9-Apr,,ประตูแปรลูกฟักใส,200x120,,1,บาน,450,450,420.56,29.44
14/2/2025,,43/15,,80x200,,,3,บาน,"1,800.00","5,400.00","5,046.73",353.27
14/2/2025,,43/15,,80x200,,,2,บาน,"4,800.00","9,600.00","8,971.96",628.04
14/2/2025,,43/15,,80x200,,,1,บาน,"3,600.00","3,600.00","3,364.49",235.51
14/2/2025,,,SIKO,ทินเนอร์,,,1,ปิ๊ป,850,850,794.39,55.61
14/2/2025,โรงแปรรูปไม้สมโชค,,,100 cm,,,1,บาน,"4,000.00","4,000.00","3,738.32",261.68
14/2/2025,โรงแปรรูปไม้สมโชค,,,70x200,,,1,บาน,"2,900.00","2,900.00","2,710.28",189.72
15/2/2025,นครไทยศิลป์,OSVS6802000328,TOA,,B,Y0117,1,กล,930,930,869.16,60.84
15/2/2025,นครไทยศิลป์,OSVS6802000328,SIKO,,,3603S,1,ปิ๊ป,890,890,831.78,58.22
15/2/2025,นครไทยศิลป์,OSVS6802000328,TOA,,,505,1,กป,250,250,233.64,16.36
15/2/2025,,,,12 ม,,,1,ม,350,350,327.1,22.9
15/2/2025,,,,?,,,1,อัน,50,50,46.73,3.27
17/2/2025,สมนึกกลการ,8-Apr,,หัวเป่าลมเทอร์โบ,,,1,อัน,450,450,420.56,29.44
17/2/2025,สมนึกกลการ,8-Apr,,เสียม,,,1,อัน,225,225,210.28,14.72
17/2/2025,สมนึกกลการ,8-Apr,,คอปเปอร์,,,1,อัน,180,180,168.22,11.78
17/2/2025,สมนึกกลการ,8-Apr,,ข้อต่อคอปเปอร์,,,1,อัน,50,50,46.73,3.27
17/2/2025,นครไทยศิลป์,OSVS6802000354,TOA,เงา,D,Y0104,1,กล,990,990,925.23,64.77
17/2/2025,อนครไทยศิลป์,OSVS6802000354,TOA,เงา,B,Y0112,1,กป,270,270,252.34,17.66
18/2/2025,,,SIKO,ทินเนอร์,,,2,ปิ๊ป,850,"1,700.00","1,588.79",111.21
18/2/2025,โรงแปรรูปไม้สมโชค,,,120 ซม,,,1,บาน,"4,500.00","4,500.00","4,205.61",294.39
18/2/2025,โรงแปรรูปไม้สมโชค,,,150 ซม,,,1,บาน,"6,000.00","6,000.00","5,607.48",392.52
18/2/2025,โรงแปรรูปไม้สมโชค,,,แก้สีสีแดง,,,2,บาน,250,500,467.29,32.71
19/2/2025,โรงแปรรูปไม้สมโชค,,,166x266,,,1,ชุด,"9,000.00","9,000.00","8,411.21",588.79
19/2/2025,,,ไวกิ้ง,8/24/2024,ปุ๋ย,,2,กระสอบ,"1,620.00","3,240.00","3,028.04",211.96
19/2/2025,นครไทยศิลป์,OSVS6802000399,BEGER,เงา,,C-9302,1,กล,760,760,710.28,49.72
19/2/2025,นครไทยศิลป์,OSVS6802000399,TOA,เงา,D,Y0097,2,กป,310,620,579.44,40.56
19/2/2025,นครไทยศิลป์,OSVS6802000399,TOA,เงา,D,R2061,1,กป,390,390,364.49,25.51
19/2/2025,บริาัท ยุ่ยล้งนคร จำกัด,CA680219-031,TOA,เงา,,S05,1,กล,690,690,644.86,45.14
20/2/2025,นครไทยศิลป์,OSVS6802000436,TOA,เงา,D,O1002,1,กป,390,390,364.49,25.51
20/2/2025,นครไทยศิลป์,OSVS6802000436,TOA,เงา,D,N6175,2,กป,300,600,560.75,39.25
20/2/2025,นครไทยศิลป์,OSVS6802000436,SIKO,ทินเนอร์อะครีลิค,,3603S,1,ปิ๊ป,890,890,831.78,58.22
20/2/2025,นครไทยศิลป์,OSVS6802000436,TOA,สีพานรองพื้น,,PF088,1,กล,790,790,738.32,51.68
21/2/2025,นครไทยศิลป์,OSVS6802000459,TOA,ด้าน,C,R2061,1,กป,370,370,345.79,24.21
21/2/2025,โรงแปรรูปไม้สมโชค,,,60x120,,,4,ชุด,"1,200.00","4,800.00","4,485.98",314.02
21/2/2025,โรงแปรรูปไม้สมโชค,,,80x198,ไม้บัวใบ,,1,บาน,600,600,560.75,39.25
21/2/2025,โรงแปรรูปไม้สมโชค,,,79.5x200,,,1,บาน,"2,900.00","2,900.00","2,710.28",189.72
21/2/2025,บริษัท ยุ้งล้งนคร จำกัด,CA680221-043,TOA,สีย้อมไม้,,D03,1,กล,850,850,794.39,55.61
22/2/2025,บริษัท ยุ้งล้งนคร จำกัด,CA680222-045,,สีย้อมไม้,S,OS,1,กล,750,750,700.93,49.07
24/2/2025,โรงแปรรูปไม้สมโชค,,,170x100,,,1,ชุด,"4,500.00","4,500.00","4,205.61",294.39
24/2/2025,โรงแปรรูปไม้สมโชค,,,80x200,,,1,บาน,"3,000.00","3,000.00","2,803.74",196.26
24/2/2025,,,SIKO,ทินเนอร์,,,1,ปิ๊ป,850,850,794.39,55.61
26/2/2025,โรงแปรรูปไม้สมโชค,,,80x200,,,1,บาน,"2,900.00","2,900.00","2,710.28",189.72
26/2/2025,โรงแปรรูปไม้สมโชค,,,120x210,,,1,ชุด,"4,900.00","4,900.00","4,579.44",320.56
26/2/2025,โรงแปรรูปไม้สมโชค,,,80x200,,,1,บาน,"2,000.00","2,000.00","1,869.16",130.84
26/2/2025,นครไทยศิลป์,OSVS6802000539,TOA,เงา,D,N6037,1,กป,270,270,252.34,17.66
26/2/2025,นครไทยศิลป์,OSVS6802000539,TOA,เงา,C,N6181,1,กป,300,300,280.37,19.63
26/2/2025,นครไทยศิลป์,OSVS6802000539,TOA,เงา,D,K7025,2,กป,270,540,504.67,35.33
26/2/2025,นครไทยศิลป์,OSVS6802000539,SIKO,ทินเนอร์อะครีลิค,,3603S,1,ปิ๊ป,890,890,831.78,58.22
27/2/2025,นครไทยศิลป์,OSVS6802000562,TOA,สีพ่นรองพื้น,,PF099,1,กล,790,790,738.32,51.68
27/2/2025,นครไทยศิลป์,OSVS6802000562,SIKO,ทินเนอร์อะครีลิค,,3603S,1,ปิ๊ป,890,890,831.78,58.22
27/2/2025,นครไทยศิลป์,OSVS6802000562,TOA,ด้าน,D,K7007,1,กล,930,930,869.16,60.84
27/2/2025,บริษัท ยุ้งล้งนคร จำกัด,CA680227-029,BEGER,สีย้อมไม้,,C-9302,1,กล,790,790,738.32,51.68
27/2/2025,บริษัท ยุ้งล้งนคร จำกัด,CA680227-029,TOA,สีย้อมไม้,,D-03,1,กล,850,850,794.39,55.61
28/2/2025,,,SIKO,ทินเนอร์,,,2,ปิ๊ป,850,"1,700.00","1,588.79",111.21
28/2/2025,นครไทยศิลป์,OSVS6802000590,TOA,ด้าน,D,N6175,1,กล,980,980,915.89,64.11
28/2/2025,นครไทยศิลป์,OSVS6802000590,TOA,เงา,A,G5198,1,กป,250,250,233.64,16.36
3/3/2025,บริษัท อภิสักดิ์การค้า จำกัด,,,กาวลาเท็ก,,,1,กป,45,45,42.06,2.94
3/3/2025,บริษัท อภิสักดิ์การค้า จำกัด,,,เคมีโป้งใส่,,,1,กป,180,180,168.22,11.78
3/3/2025,โรงแปรรูปไม้สมโชค,,,160x150,,,1,บาน,"5,000.00","5,000.00","4,672.90",327.1
3/3/2025,โรงแปรรูปไม้สมโชค,,,80x200,,,1,บาน,600,600,560.75,39.25
3/3/2025,โรงแปรรูปไม้สมโชค,,,100x200,,,1,บาน,600,600,560.75,39.25
3/3/2025,โรงแปรรูปไม้สมโชค,,,120x200,,,1,บาน,600,600,560.75,39.25
3/3/2025,โรงแปรรูปไม้สมโชค,,,160x200,,,1,บาน,700,700,654.21,45.79
5/3/2025,,,,ด้าน,,B-4235,1,กป,390,390,364.49,25.51
5/3/2025,,,,สีน้ำมัน,,,1,กล,220,220,205.61,14.39
5/3/2025,,,,แมตgs mpx 190,,,1,ชิ้น,"2,600.00","2,600.00","2,429.91",170.09
6/3/2025,สุนีย์ ฮาร์ดแวร์,,,หัวสว่านกระแทก,,,1,ชิ้น,450,450,420.56,29.44
6/3/2025,,,,,,,10,ชิ้น,6,60,56.07,3.93
6/3/2025,,,SIKO,ทินเนอร์,,,1,ปิ๊ป,850,850,794.39,55.61
7/3/2025,,,,น้ำลอกสี,,,1,อัน,480,480,448.6,31.4
7/3/2025,,,,แปรงรวด,,,1,อัน,65,65,60.75,4.25
7/3/2025,,,SIKO,ทินเนอร์,,,2,ปิ๊ป,850,"1,700.00","1,588.79",111.21
8/3/2025,โรงแปรรูปไม้สมโชค,,,80x200,,,1,บาน,600,600,560.75,39.25
8/3/2025,โรงแปรรูปไม้สมโชค,,,79x200,,,1,บาน,600,600,560.75,39.25
8/3/2025,โรงแปรรูปไม้สมโชค,,,70 cm,,,1,บาน,"3,000.00","3,000.00","2,803.74",196.26
8/3/2025,โรงแปรรูปไม้สมโชค,,,100x200,,,4,บาน,"2,000.00","8,000.00","7,476.64",523.36
8/3/2025,โรงแปรรูปไม้สมโชค,,,70x200,,,1,บาน,"1,500.00","1,500.00","1,401.87",98.13
12/3/2025,,,,เทปกาว,,,1,อัน,280,280,261.68,18.32
12/3/2025,,,SIKO,ทินเนอร์,,,1,ปิ๊ป,850,850,794.39,55.61
12/3/2025,นครไทยศิลป์,OSVS6803000283,TOA,ด้าน,D,K7007,1,กล,920,920,859.81,60.19
12/3/2025,นครไทยศิลป์,OSVS6803000283,TOA,ด้าน,A,W9061,1,กล,900,900,841.12,58.88
12/3/2025,นครไทยศิลป์,OSVS6803000283,BEGER,ทินเนอร์,,AAA,1,ปิ๊ป,950,950,887.85,62.15
12/3/2025,นครไทยศิลป์,OSVS6803000283,TOA,สีพ่นรองพื้น,,PF099,1,กล,790,790,738.32,51.68
12/3/2025,นครไทยศิลป์,OSVS6803000283,TOA,กระดาาทรายฉลาม,,NO.0,60,แผ่น,9,540,504.67,35.33
14/3/2025,,,SIKO,ทินเนอร์,,,1,ปิ๊ป,850,850,794.39,55.61
14/3/2025,โรงแปรรูปไม้สมโชค,,,80x200,,,1,บาน,"3,000.00","3,000.00","2,803.74",196.26
15/3/2025,นครไทยศิลป์,OSVS6803000358,BEGER,สีย้อมไม้,,C-9302,2,กป,380,760,710.28,49.72
15/3/2025,นครไทยศิลป์,OSVS6803000358,TOA,สีขาว,,PF099,2,กล,790,"1,580.00","1,476.64",103.36
15/3/2025,โรงแปรรูปไม้สมโชค,,,100x200,,,4,บาน,"3,500.00","14,000.00","13,084.11",915.89
15/3/2025,โรงแปรรูปไม้สมโชค,,,70x200,,,2,บาน,"3,000.00","6,000.00","5,607.48",392.52
15/3/2025,โรงแปรรูปไม้สมโชค,,,100x200,,,1,บาน,"3,400.00","3,400.00","3,177.57",222.43
15/3/2025,โรงแปรรูปไม้สมโชค,,,84x206,,,1,ชุด,"7,500.00","7,500.00","7,009.35",490.65
15/3/2025,โรงแปรรูปไม้สมโชค,,,96.5x245,,,2,บาน,"5,000.00","10,000.00","9,345.79",654.21
15/3/2025,โรงแปรรูปไม้สมโชค,,,60x134,,,2,บาน,650,"1,300.00","1,214.95",85.05
15/3/2025,โรงแปรรูปไม้สมโชค,,,54.5x134,,,2,บาน,650,"1,300.00","1,214.95",85.05
15/3/2025,โรงแปรรูปไม้สมโชค,,,80x200,,,2,บาน,"2,900.00","5,800.00","5,420.56",379.44
15/3/2025,,,SIKO,ทินเนอร์,,,1,ปิ๊ป,850,850,794.39,55.61
15/3/2025,โรงงานวงกบหมู่รุ่งเรืองกิจ,44/18,,96x190,,,1,บาน,"2,000.00","2,000.00","1,869.16",130.84
15/3/2025,โรงงานวงกบหมู่รุ่งเรืองกิจ,44/18,,96x190,,,1,บาน,"5,000.00","5,000.00","4,672.90",327.1
17/3/2025,โรงแปรรูปไม้สมโชค,,,84.5x204,,,1,ชุด,"3,600.00","3,600.00","3,364.49",235.51
17/3/2025,โรงแปรรูปไม้สมโชค,,,90x204,,,1,ชุด,"3,800.00","3,800.00","3,551.40",248.6
17/3/2025,โรงแปรรูปไม้สมโชค,,,100x204,,,2,ชุด,"4,000.00","8,000.00","7,476.64",523.36
17/3/2025,นครไทยศิลป์,OSVS6803000393,TOA,เงา,A,W9138,2,กล,820,"1,640.00","1,532.71",107.29
17/3/2025,นครไทยศิลป์,OSVS6803000393,SIKO,ทินเนอร์อะคริลิค,,3603S,1,ปิ๊ป,840,840,785.05,54.95
17/3/2025,นครไทยศิลป์,OSVS6803000393,TOA,สีพ่นรองพื้น,,PF088,1,กล,750,750,700.93,49.07
17/3/2025,นครไทยศิลป์,OSVS6803000393,TOA,ด้าน,D,N6181,1,กป,300,300,280.37,19.63
18/3/2025,เจ๊หงส์การไฟฟ้า,21/4,,THWA35(100)บางกอก,,,2,อัน,"2,690.00","5,380.00","5,028.04",351.96
18/3/2025,เจ๊หงส์การไฟฟ้า,21/4,,ลูกลอย,,,20,อัน,20,400,373.83,26.17
18/3/2025,เจ๊หงส์การไฟฟ้า,21/4,,ลวดแหลม,,,10,อัน,10,100,93.46,6.54
18/3/2025,,,,กระดาษทราย,80,,3,ม,100,300,280.37,19.63
18/3/2025,,,,กระดาษทราย,120,,3,ม,100,300,280.37,19.63
19/3/2025,,,SIKO,ทินเนอร์,,,1,ปิ๊ป,850,850,794.39,55.61
19/3/2025,,,SIKO,ทินเนอร์,,,2,ปิ๊ป,850,"1,700.00","1,588.79",111.21
19/3/2025,,,,เทปกาว,,,1,ม้วน,160,160,149.53,10.47
20/3/2025,CP axtra PCL นครศรีธรรมราช,1.07567E+11,,พัดลม,,,1,อััน,"1,248.00","1,248.00","1,166.36",81.64
20/3/2025,,,,สี9302,,9302,1,กล,720,720,672.9,47.1
21/3/2025,นครไทยศิลป์,OSVS6803000505,TOA,เงา,A,Y0118,1,กล,950,950,887.85,62.15
21/3/2025,นครไทยศิลป์,OSVS6803000505,SIKO,ทินเนอร์อะคริลิค,,3603S,1,ปิ๊ป,890,890,831.78,58.22
22/3/2025,โรงแปรรูปไม้สมโชค,,,78.5x191.5,,,1,บาน,"1,000.00","1,000.00",934.58,65.42
22/3/2025,โรงแปรรูปไม้สมโชค,,,141x216,,,1,บาน,"1,500.00","1,500.00","1,401.87",98.13
22/3/2025,โรงแปรรูปไม้สมโชค,,,100x200,,,1,ชุด,"7,000.00","7,000.00","6,542.06",457.94
22/3/2025,โรงแปรรูปไม้สมโชค,,,100x220,,,1,ชุด,"7,500.00","7,500.00","7,009.35",490.65
22/3/2025,โรงแปรรูปไม้สมโชค,,,100x200,,,1,ชุด,"6,500.00","6,500.00","6,074.77",425.23
24/3/2025,นครไทยศิลป์,OSVS6803000559,TOA,เงา,A,W9138,1,กล,920,920,859.81,60.19
24/3/2025,นครไทยศิลป์,OSVS6803000559,SIKO,ทินเนอร์อะคริลิค,,3603S,1,ปิ๊ป,890,890,831.78,58.22
24/3/2025,NTC,SO6866118,,เสาไฟ,,4เมตร,2,เมตร,480,960,897.2,62.8
24/3/2025,,,,9302,,,1,อัน,720,720,672.9,47.1
24/3/2025,,,,ปูนเสือ,,,1,อัน,160,160,149.53,10.47
25/3/2025,นครไทยศิลป์,OSVS6803000597,TOA,เงา,A,W9138,1,กล,900,900,841.12,58.88
25/3/2025,นครไทยศิลป์,OSVS6803000597,SIKO,ทินเนอร์อะคริลิค,,3603S,1,ปิ๊ป,890,890,831.78,58.22
25/3/2025,นครไทยศิลป์,OSVS6803000597,TOA,เงา,B,Y0117,1,กล,970,970,906.54,63.46
31/3/2025,,,,กระดาษทราย,80,,4,เมตร,100,400,373.83,26.17
31/3/2025,นครไทยศิลป์,OSVS6803000740,TOA,เงา,D,K7007,2,กล,900,"1,800.00","1,682.24",117.76
31/3/2025,นครไทยศิลป์,OSVS6803000740,TOA,สีพ่นรองพื้น,,PF099,1,กป,200,200,186.92,13.08
31/3/2025,นครไทยศิลป์,OSVS6803000740,SIKO,อทินเนอร์อะคริลิค,,3603S,1,ปิ๊ป,890,890,831.78,58.22
3/4/2025,โรงแปรรูปไม้สมโชค,,,80x200 บานเลื่อน,,,1,ชุด,"5,000.00","5,000.00","4,672.90",327.1
3/4/2025,โรงแปรรูปไม้สมโชค,,,80x200,,,1,ชุด,"3,500.00","3,500.00","3,271.03",228.97
3/4/2025,โรงแปรรูปไม้สมโชค,,,80x200,,,1,วง,600,600,560.75,39.25
3/4/2025,โรงงานวงกบหมู่รุ่งเรืองกิจ,45/6,,90x295,,,2,บาน,"2,800.00","5,600.00","5,233.64",366.36
3/4/2025,โรงงานวงกบหมู่รุ่งเรืองกิจ,45/6,,90x295,,,2,บาน,"9,000.00","18,000.00","16,822.43","1,177.57"
4/4/2025,โรงงานวงกบหมู่รุ่งเรืองกิจ,45/7,,170x220,,,1,บาน,"16,500.00","16,500.00","15,420.56","1,079.44"
4/4/2025,โรงแปรรูปไม้สมโชค,,,100 cm,,,1,บาน,"4,000.00","4,000.00","3,738.32",261.68
5/4/2025,โรงงานวงกบหมู่รุ่งเรืองกิจ,45/8,,100x200,,,1,บาน,700,700,654.21,45.79
5/4/2025,โรงงานวงกบหมู่รุ่งเรืองกิจ,45/8,,100x200,,,1,บาน,"2,300.00","2,300.00","2,149.53",150.47
7/4/2025,โรงงานวงกบหมู่รุ่งเรืองกิจ,45/11,,90x200,,,1,บาน,"7,000.00","7,000.00","6,542.06",457.94
9/4/2025,,,,สีายลมดิวแวว5116,,,10,เมตร,30,300,280.37,19.63
9/4/2025,,,,คอมเมอรหางไหล,,,1,ตัว,150,150,140.19,9.81
9/4/2025,,,,คอมเฟอร,,,1,ตัว,50,50,46.73,3.27
9/4/2025,,,,แกมริด,,,2,อัน,10,20,18.69,1.31
9/4/2025,ธีระมอเตอร์,,,,,,11,อัน,63.64,700,654.21,45.79
9/4/2025,ธีระมอเตอร์,,,,,,2,อัน,250,500,467.29,32.71
10/4/2025,โรงแปรรูปไม้สมโชค,,,100x208,,,2,ชุด,"5,100.00","10,200.00","9,532.71",667.29
10/4/2025,โรงแปรรูปไม้สมโชค,,,80x200,,,2,ชุด,"3,500.00","7,000.00","6,542.06",457.94
10/4/2025,โรงแปรรูปไม้สมโชค,,,100x230,,,1,บาน,700,700,654.21,45.79
10/4/2025,โรงแปรรูปไม้สมโชค,,,100x220,,,1,บาน,700,700,654.21,45.79
10/4/2025,โรงแปรรูปไม้สมโชค,,,80.5x230,,,1,บาน,700,700,654.21,45.79
11/4/2025,โรงแปรรูปไม้สมโชค,,,85x206.5,บานเลื่อน,,1,ชุด,"5,500.00","5,500.00","5,140.19",359.81
11/4/2025,โรงแปรรูปไม้สมโชค,,,80x200,บานเลื่อน,,1,ชุด,"5,500.00","5,500.00","5,140.19",359.81
11/4/2025,โรงแปรรูปไม้สมโชค,,,100x200,บานเลื่อนประกอย+อุปกรณ์,,1,ชุด,"3,000.00","3,000.00","2,803.74",196.26
11/4/2025,โรงแปรรูปไม้สมโชค,,,70x200,,,1,บาน,"3,000.00","3,000.00","2,803.74",196.26
11/4/2025,โรงแปรรูปไม้สมโชค,,,เจาะใส่ลูกบิด,,,1,ชุด,300,300,280.37,19.63
16/4/2025,,,SIKO,ทินเนอร์,,,1,ปิ๊ป,850,850,794.39,55.61
16/4/2025,,,,กระดาาทราย,80,,4,เมตร,100,400,373.83,26.17
16/4/2025,โรงแปรรูปไม้สมโชค,,,141x225,,,1,ชุด,"7,780.00","7,780.00","7,271.03",508.97
16/4/2025,โรงแปรรูปไม้สมโชค,,,64.5x163,,,1,ชุด,"1,300.00","1,300.00","1,214.95",85.05
17/4/2025,โรงแปรรูปไม้สมโชค,,,เจาะใส่ลููกบิด บานเรียบ 80x200,,,1,ชุด,500,500,467.29,32.71
17/4/2025,,,,ทินเนอร์,,,1,ปิ๊ป,850,850,794.39,55.61
17/4/2025,โรงแปรรูปไม้สมโชค,,,160x200,,,1,ชุด,"4,700.00","4,700.00","4,392.52",307.48
17/4/2025,โรงแปรรูปไม้สมโชค,,,70x200,,,2,บาน,"2,000.00","4,000.00","3,738.32",261.68
17/4/2025,โรงแปรรูปไม้สมโชค,,,80x194,,,1,บาน,"2,900.00","2,900.00","2,710.28",189.72
17/4/2025,โรงแปรรูปไม้สมโชค,,,80x200,,,1,บาน,"2,000.00","2,000.00","1,869.16",130.84
17/4/2025,โรงแปรรูปไม้สมโชค,,,80x198,,,1,บาน,"2,000.00","2,000.00","1,869.16",130.84
17/4/2025,โรงแปรรูปไม้สมโชค,,,69x200,,,1,บาน,"2,000.00","2,000.00","1,869.16",130.84
18/4/2025,นครไทยศิลปื,OSVS6804000309,SIKO,ทินเนอร์แะครีลิค,,3603S,1,ปิ๊ป,80,80,74.77,5.23
18/4/2025,นครไทยศิลปื,OSVS6804000309,TOA,สีขาว,,PF099,1,กล,790,790,738.32,51.68
18/4/2025,นครไทยศิลปื,OSVS6804000309,TOA,ด้าน,D,G5163,1,กป,320,320,299.07,20.93
18/4/2025,นครไทยศิลปื,OSVS6804000309,TOA,ด้าน,D,K7007,1,กล,920,920,859.81,60.19
18/4/2025,นครไทยศิลปื,OSVS6804000309,TOA,ด้าน,A,W9138,2,กป,260,520,485.98,34.02
18/4/2025,นครไทยศิลปื,OSVS6804000309,TOA,ด้าน,A,K7075,1,กป,250,250,233.64,16.36
19/4/2025,,,,,,,1,อัน,600,600,560.75,39.25
21/4/2025,โรงแปรรูปไม้สมโชค,,,120x120,,,1,อัน,"2,000.00","2,000.00","1,869.16",130.84
21/4/2025,โรงแปรรูปไม้สมโชค,,,ชั้นวางของ,,,1,อัน,500,500,467.29,32.71
21/4/2025,โรงแปรรูปไม้สมโชค,,,100 cm,,,2,บาน,"4,000.00","8,000.00","7,476.64",523.36
23/4/2025,บริษัท อภิศักดิ์การค้า จำกัด,,,ทินเนอร์,,,1,ปิ๊ป,850,850,794.39,55.61
23/4/2025,โรงงานวงกบหมูรุ่งเรืองกิจ,,,90x200,,,10,บาน,"2,500.00","25,000.00","23,364.49","1,635.51"
24/4/2025,โรงแปรรูปไม้สมโชค,,,120x200,,,1,บาน,"3,500.00","3,500.00","3,271.03",228.97
24/4/2025,โรงแปรรูปไม้สมโชค,,,80x200,,,3,บาน,"2,900.00","8,700.00","8,130.84",569.16
26/4/2025,นครไทยศิลปื,OSVS6804000431,TOA,สีน้ำมัน,A,W9138,2,กป,200,400,373.83,26.17
26/4/2025,นครไทยศิลปื,OSVS6804000431,TOA,ด้าน,D,K7007,1,กล,900,900,841.12,58.88
26/4/2025,นครไทยศิลปื,OSVS6804000431,TOA,ด้าน,D,Y0115,1,กป,300,300,280.37,19.63
26/4/2025,โรงงานวงกบหมูรุ่งเรืองกิจ,,,222,,,1,บาน,"1,390.00","1,390.00","1,299.07",90.93
26/4/2025,โรงงานวงกบหมูรุ่งเรืองกิจ,,,95x216,,,1,บาน,"4,200.00","4,200.00","3,925.23",274.77
26/4/2025,โรงงานวงกบหมูรุ่งเรืองกิจ,,,34x216,,,1,บาน,"3,200.00","3,200.00","2,990.65",209.35
28/4/2025,บริษัท ยุ้ยล้งนคร จำกัด,CA680428-044,TOA,สีย้อมไม้ เงา,,,1,กล,850,850,794.39,55.61
29/4/2025,,,,THA-A 1X35,,,50,เมตร,22,"1,100.00","1,028.04",71.96
29/4/2025,,,BEGER,ด้าน,,,1,กล,720,720,672.9,47.1
30/4/2025,โรงงานวงกบหมูรุ่งเรืองกิจ,45/27,,90x200,,,2,บาน,"1,900.00","3,800.00","3,551.40",248.6
30/4/2025,โรงงานวงกบหมูรุ่งเรืองกิจ,45/27,,90x2000,,,2,บาน,"4,800.00","9,600.00","8,971.96",628.04
30/4/2025,โรงงานวงกบหมูรุ่งเรืองกิจ,45/27,,80x200,,,3,บาน,"3,800.00","11,400.00","10,654.21",745.79
30/4/2025,โรงงานวงกบหมูรุ่งเรืองกิจ,45/27,,110,,,1,บาน,"4,900.00","4,900.00","4,579.44",320.56
1/5/2025,,,SIKO,ทินเนอร์,,,1,ปิ๊ป,850,850,794.39,55.61
1/5/2025,,,,ด้าน,,,1,กล,720,720,672.9,47.1
3/5/2025,,,,,,,1,อัน,300,300,280.37,19.63
,,,SIKO,ทินเนอร์,,,1,ปิ๊ป,850,850,794.39,55.61
,,,,กาว,,,2,อัน,80,160,149.53,10.47
,,,,ทินเนอร์,,,1,ปิ๊ป,850,850,794.39,55.61
,,,,9103,,,1,กล,320,320,299.07,20.93
,,,,9302,,,1,กล,720,720,672.9,47.1
,,,,กาพ่นสี,,,1,อัน,590,590,551.4,38.6
,,,SIKO,ทินเนอร์,,,1,ปิ๊ป,850,850,794.39,55.61
,บริษัท อภิศักดิ์การค้า จำกัด,,SIKO,ทินเนอร์,,,1,ปิ๊ป,850,850,794.39,55.61
,,,,ทินเนอร์,,,1,ปิ๊ป,850,850,794.39,55.61
,,,,น้ำมันสน,,,1,กล,160,160,149.53,10.47
,,,SIKO,ทินเนอร์,,,1,ปิ๊ป,850,850,794.39,55.61
,,,,ทินเนอร์,,,1,ปิ๊ป,850,850,794.39,55.61
,,,,กาว,,,1,อัน,25,25,23.36,1.64
,,,SIKO,ทินเนอร์,,,1,ปิ๊ป,850,850,794.39,55.61
,,,BEGER,ด้านใส,,,1,กล,720,720,672.9,47.1
,,,,เทรป3,,,1,อัน,160,160,149.53,10.47
,,,,เทรป4,,,1,อัน,50,50,46.73,3.27
,,,SIKO,ทินเนอร์,,,1,ปิ๊ป,850,850,794.39,55.61
3/5/2025,โรงแปรรูปไม้สมโชค,,,96x187,,,1,ชุด,"3,600.00","3,600.00","3,364.49",235.51
3/5/2025,โรงแปรรูปไม้สมโชค,,,94.5x213.5,,,1,ชุด,"3,600.00","3,600.00","3,364.49",235.51
3/5/2025,โรงแปรรูปไม้สมโชค,,,80x200,หนา 3.5 เซน,,1,บาน,"3,000.00","3,000.00","2,803.74",196.26
3/5/2025,โรงแปรรูปไม้สมโชค,,,90x200,หนา 4 เซน,,1,ชุด,"4,300.00","4,300.00","4,018.69",281.31
3/5/2025,โรงแปรรูปไม้สมโชค,,,80x200,ขัดนอก,,1,บาน,600,600,560.75,39.25
5/5/2025,โรงแปรรูปไม้สมโชค,,,205x240,,,1,บาน,"2,200.00","2,200.00","2,056.07",143.93
6/5/2025,,,SIKO,ทินเนอร์,,,1,ปิ๊ป,850,850,794.39,55.61
6/5/2025,,,,สีย้อมไม้,,,1,กล,320,320,299.07,20.93
9/5/2025,นครไทยศิลป์,OSVS6805000206,TOA,ด้าน,A,7211,1,กป,250,250,233.64,16.36
9/5/2025,นครไทยศิลป์,OSVS6805000206,TOA,เงา,A,Y0131,2,กป,270,540,504.67,35.33
9/5/2025,นครไทยศิลป์,OSVS6805000206,,เงา,,IL900,2,กล,0,0,0,0
9/5/2025,นครไทยศิลป์,OSVS6805000206,TOA,กระดาษทรายขัดแห้ง,,No.180,57,แผ่น,10,570,532.71,37.29
9/5/2025,โรงงานวงกบหมูรุ่งเรืองกิจ,46/8,,80x200,,,1,บาน,700,700,654.21,45.79
9/5/2025,โรงงานวงกบหมูรุ่งเรืองกิจ,46/8,,80x200,,,1,บาน,"2,000.00","2,000.00","1,869.16",130.84
9/5/2025,,,SIKO,ทินเนอร์,,,1,ปิ๊ป,850,850,794.39,55.61
9/5/2025,,,,สีีเหลืองด้าน,,,1,กล,720,720,672.9,47.1
10/5/2025,โรงแปรรูปไม้สมโชค,,,74x197,,,1,บาน,"2,000.00","2,000.00","1,869.16",130.84
10/5/2025,โรงแปรรูปไม้สมโชค,,,154x120,,,1,บาน,700,700,654.21,45.79
10/5/2025,,,SIKO,ทินเนอร์,,,1,ปิ๊ป,850,850,794.39,55.61
12/5/2025,โรงงานกบหมูรุ่งเรืองกิจ,46/9,,100x200,,,1,บาน,700,700,654.21,45.79
12/5/2025,โรงงานกบหมูรุ่งเรืองกิจ,46/9,,90x200,,,1,บาน,700,700,654.21,45.79
13/5/2025,โรงงานกบหมูรุ่งเรืองกิจ,46/11,,40x210,,,1,บาน,"2,500.00","2,500.00","2,336.45",163.55
13/5/2025,,,SIKO,ทินเนอร์,,,1,ปิ๊ป,850,850,794.39,55.61
13/5/2025,นครไทยศิลป์,OSVS6805000280,TOA,ด้าน,A,W9138,1,กล,900,900,841.12,58.88
13/5/2025,นครไทยศิลป์,OSVS6805000280,TOA,ด้าน,B,Y0117,1,กล,950,950,887.85,62.15
14/5/2025,โรงแปรรูปไม้สมโชค,,,100x230,,,1,บาน,700,700,654.21,45.79
14/5/2025,โรงแปรรูปไม้สมโชค,,,50x233,,,2,บาน,800,"1,600.00","1,495.33",104.67
14/5/2025,โรงแปรรูปไม้สมโชค,,,45x225,,,1,บาน,"1,800.00","1,800.00","1,682.24",117.76
14/5/2025,,,,หลอดด 15 พ,,,4,หลอด,69,276,257.94,18.06
15/5/2025,,,SIKO,ทินเนอร์,,,1,ปิ๊ป,850,850,794.39,55.61
15/5/2025,,,,?,,,1,อัน,250,250,233.64,16.36
17/5/2025,บริษัท อภิสักดิ์การค้า จำกัด,,,สีย้อมไม้,,G9302,1,กล,720,720,672.9,47.1
20/5/2025,โรงแปรรูปไม้สมโชค,,,111x147,,,1,ชุก,"4,500.00","4,500.00","4,205.61",294.39
20/5/2025,โรงแปรรูปไม้สมโชค,,,80x200,หนา3.5,,1,บาน,"1,800.00","1,800.00","1,682.24",117.76
20/5/2025,โรงแปรรูปไม้สมโชค,,,200x200,,,1,บาน,800,800,747.66,52.34
20/5/2025,โรงแปรรูปไม้สมโชค,,,80x220,,,1,บาน,600,600,560.75,39.25
20/5/2025,โรงแปรรูปไม้สมโชค,,,80x255,,,1,บาน,700,700,654.21,45.79
20/5/2025,โรงแปรรูปไม้สมโชค,,,80x200,บัวใบ 3.5,,2,บาน,600,"1,200.00","1,121.50",78.5
20/5/2025,โรงแปรรูปไม้สมโชค,,,100x200,บัวใบ 3.5,,1,บาน,600,600,560.75,39.25
21/5/2025,โรงงานกบหมูรุ่งเรืองกิจ,,,100x200,,,1,บาน,"2,000.00","2,000.00","1,869.16",130.84
21/5/2025,โรงงานกบหมูรุ่งเรืองกิจ,,,100x200,,,1,บาน,"3,500.00","3,500.00","3,271.03",228.97
21/5/2025,โรงงานกบหมูรุ่งเรืองกิจ,,,90x200,,,1,บาน,"4,200.00","4,200.00","3,925.23",274.77
21/5/2025,โรงงานกบหมูรุ่งเรืองกิจ,,,40x200,,,1,บาน,"3,300.00","3,300.00","3,084.11",215.89
21/5/2025,โรงงานกบหมูรุ่งเรืองกิจ,,,92.5x212.5,,,1,บาน,"1,100.00","1,100.00","1,028.04",71.96
21/5/2025,โรงงานกบหมูรุ่งเรืองกิจ,,,92.5x212.5,,,1,บาน,"5,900.00","5,900.00","5,514.02",385.98
21/5/2025,โรงงานกบหมูรุ่งเรืองกิจ,,,130x210,,,1,บาน,"1,360.00","1,360.00","1,271.03",88.97
21/5/2025,โรงงานกบหมูรุ่งเรืองกิจ,,,120x200,,,1,บาน,"3,700.00","3,700.00","3,457.94",242.06
21/5/2025,โรงงานกบหมูรุ่งเรืองกิจ,,,163x228,,,1,บาน,"1,280.00","1,280.00","1,196.26",83.74
21/5/2025,โรงงานกบหมูรุ่งเรืองกิจ,,,กระจก 6 ช่อง,,,2,บาน,"2,500.00","5,000.00","4,672.90",327.1
21/5/2025,โรงงานกบหมูรุ่งเรืองกิจ,,,80x200,ฟักเสมอขอบเสมอคิ้ว,,1,บาน,"5,500.00","5,500.00","5,140.19",359.81
21/5/2025,โรงงานกบหมูรุ่งเรืองกิจ,,,80x200,,,1,บาน,"1,800.00","1,800.00","1,682.24",117.76
21/5/2025,โรงงานกบหมูรุ่งเรืองกิจ,,,100x200,,,1,บาน,"2,000.00","2,000.00","1,869.16",130.84
21/5/2025,โรงงานกบหมูรุ่งเรืองกิจ,,,100x200,เสมอขอบ,,1,บาน,"6,300.00","6,300.00","5,887.85",412.15
21/5/2025,โรงงานกบหมูรุ่งเรืองกิจ,,,100x200,,,1,บาน,"5,500.00","5,500.00","5,140.19",359.81
22/5/2025,,1-May,,ประตููโค้งกระจกใส 200x79,,,1,ชุด,"1,220.00","1,220.00","1,140.19",79.81
22/5/2025,,1-May,,ประตูโค้งกระจกฝ่า 200x80,,,2,ชุด,360,720,672.9,47.1
22/5/2025,,1-May,,กระจกกลม 3 ช่องจกใส 100,,,1,ชุด,520,520,485.98,34.02
22/5/2025,,1-May,,กระจกกลม 3 ช่องจกใส 150,,,1,ชุด,840,840,785.05,54.95
22/5/2025,,1-May,,วงกบช่องแสง 3 ช่องจกใส 248x130,,,1,ชุด,280,280,261.68,18.32
22/5/2025,,1-May,,ประตูโค้้งกระจกใส 202x98,,,2,ชุด,150,300,280.37,19.63
22/5/2025,,1-May,,กระจกกลม 3 ช่องจกใส่ 120,,,1,ชุด,580,580,542.06,37.94
22/5/2025,,1-May,,ช่องแสง+บาทต่างโค้งจกใส 100x170,,,1,ชุด,600,600,560.75,39.25
22/5/2025,,1-May,,กระจกบานหน้าต่างโค้งจกใส่ 120x60,,,4,ชุด,190,760,710.28,49.72
22/5/2025,,1-May,,ประตูโค้งลูกฟัก 6 ช่องจกใส 200x80,,,1,ชุด,320,320,299.07,20.93
22/5/2025,,1-May,,ประตูโค้งจกใส่ 200x80,,,2,ชุด,100,200,186.92,13.08
22/5/2025,,1-May,,กระจกกลม 3 ช่องจกใส 100,,,1,ชุด,520,520,485.98,34.02
22/5/2025,,1-May,,ช่่องแสง+บานหน้าต่างจกใส 150x160,,,1,ชุด,940,940,878.5,61.5
22/5/2025,,1-May,,ประตูโค้งแปรลูกฟักจกใส 200x80,,,1,ชุด,480,480,448.6,31.4
22/5/2025,,1-May,,ประตูกระจกใส 207x80,,,1,ชุด,100,100,93.46,6.54
22/5/2025,,1-May,,กระจกกลม 2 ช่องจกใส 100,,,4,ชุด,520,"2,080.00","1,943.93",136.07
22/5/2025,,3-May,,ประตูโค้งกระจกฟ้า 210x90,,,1,ชุด,170,170,158.88,11.12
22/5/2025,,3-May,,ประตูโค้งกระจกฟ้า 200x70,,,1,ชุด,160,160,149.53,10.47
22/5/2025,,3-May,,ประตูโค้งกระจกฟ้า 200x98,,,1,ชุด,160,160,149.53,10.47
22/5/2025,,3-May,,ประตูแปรลูกฟักจกใส 200x80,,,2,ชุด,320,640,598.13,41.87
22/5/2025,,3-May,,ประตูแปรลูกฟัก 200x70,,,2,ชุด,150,300,280.37,19.63
22/5/2025,,3-May,,กระจกลายเส้น 200x80,,,1,ชุด,"1,440.00","1,440.00","1,345.79",94.21
22/5/2025,,3-May,,ช่องแสง+บานหน้าต่างจกใส 120x120,,,1,ชุด,480,480,448.6,31.4
22/5/2025,,3-May,,กระจกประตูใส 200x100,,,1,ชุด,500,500,467.29,32.71
22/5/2025,,3-May,,กระจกฟ้าสั่งตัด 140x20,,,1,ชุด,130,130,121.5,8.5
22/5/2025,,3-May,,เปลื่อนกระจกเป็นสีชา 140x60,,,4,ชุด,340,"1,360.00","1,271.03",88.97
22/5/2025,,3-May,,ประตูโค้งกระจกใส 206x111,,,1,ชุด,120,120,112.15,7.85
22/5/2025,,3-May,,ประตูโค้งกระจกใส 200x80,,,1,ชุด,120,120,112.15,7.85
22/5/2025,,3-May,,กระจกประตู 197x74,,,1,ชุด,400,400,373.83,26.17
22/5/2025,,3-May,,ประตูโค้ง ยิงกาว,,,1,ชุด,40,40,37.38,2.62
22/5/2025,,3-May,,กระจกประตู 200x90,,,1,ชุด,160,160,149.53,10.47
22/5/2025,,4-May,,ประตูโค้งกระจก 210x90,,,1,ชุด,170,170,158.88,11.12
22/5/2025,,4-May,,ช่องแสงโค้งกระจก 225x47,,,1,ชุด,480,480,448.6,31.4
22/5/2025,,4-May,,ประตูกแปรลูกฟักจกใส 210x90,,,1,ชุด,500,500,467.29,32.71
22/5/2025,,4-May,,หน้าต่างเลื่อน2บานสีชา 111x147,,,1,ชุด,600,600,560.75,39.25
22/5/2025,,4-May,,ประตูโค้งสีชา184x90,,,1,ชุด,180,180,168.22,11.78
22/5/2025,,4-May,,ประตูโค้งกระจกใส 200x100,,,1,ชุด,400,400,373.83,26.17
22/5/2025,,4-May,,กระจกกลม3ช่องจกใส 100,,,1,ชุด,520,520,485.98,34.02
22/5/2025,,2-May,,กระจกโค้งจกใส,200x98,,2,ชุด,150,300,280.37,19.63
22/5/2025,,2-May,,กระจกโค้งจกใส,200x100,,1,ชุด,170,170,158.88,11.12
22/5/2025,,2-May,,กระจกกลมใส,70,,1,ชุด,450,450,420.56,29.44
22/5/2025,,2-May,,ประตูโค้งจกใส่,200x80,,1,ชุด,210,210,196.26,13.74
22/5/2025,,2-May,,ประตูโค้งจกใส่,245x97,,2,ชุด,160,320,299.07,20.93
22/5/2025,,2-May,,กระจกประตูจกใส,204x94,,2,ชุด,150,300,280.37,19.63
22/5/2025,,2-May,,กระจกบานหน้าต่าง,140x60,,4,ชุด,300,"1,200.00","1,121.50",78.5
22/5/2025,,2-May,,กระจกบานประตูจกใส,200x100,,1,ชุด,420,420,392.52,27.48
22/5/2025,,2-May,,กระจกช่องแสงจกใส,191x78,,1,ชุด,600,600,560.75,39.25
22/5/2025,,2-May,,กระจกประตูกลมจกฝ่า5ช่อง,205x84,,1,ชุด,200,200,186.92,13.08
22/5/2025,,2-May,,ประตูโค้งกระจกใส,188x90,,1,ชุด,100,100,93.46,6.54
22/5/2025,,2-May,,กระจกประตูจกใส,200x80,,1,ชุด,160,160,149.53,10.47
22/5/2025,,2-May,,กระจกประตูจกใส,,,4,ชุด,170,680,635.51,44.49
22/5/2025,,2-May,,ประตูแปรลูกฟักจกใส,200x80,,2,ชุด,320,640,598.13,41.87
22/5/2025,,2-May,,ประตูแปรลูกฟัก,200x70,,1,ชุด,300,300,280.37,19.63
22/5/2025,,2-May,,ประตูโค้งกระจกฝ่่า,200x80,,1,ชุด,170,170,158.88,11.12
23/5/2025,นครไทยศิลปื,OSVS6805000444,TOA,สีขาว,,PF099,2,กล,790,"1,580.00","1,476.64",103.36
23/5/2025,นครไทยศิลปื,OSVS6805000444,TOA,เงา,A,GB53,1,กป,260,260,242.99,17.01
23/5/2025,นครไทยศิลปื,OSVS6805000444,TOA,ด้าน,D,B4247,1,กป,330,330,308.41,21.59
23/5/2025,นครไทยศิลปื,OSVS6805000444,TOA,ด้าน,D,Y0115,1,กป,320,320,299.07,20.93
24/5/2025,โรงแปนรูปไม้สมโชค,,,86x204,,,1,บาน,"1,000.00","1,000.00",934.58,65.42
24/5/2025,หจก.เจริญค้าวัสดุ ฮาร์คแวร์,น000168-002902,,ไม้อักยาง,,,1,แผ่น,650,650,607.48,42.52
24/5/2025,,,,?,,,1,อัน,145,145,135.51,9.49
24/5/2025,,,,?,,,1,อัน,135,135,126.17,8.83
24/5/2025,,,,?,,,1,อัน,35,35,32.71,2.29
24/5/2025,,,,?,,,1,อัน,105,105,98.13,6.87
24/5/2025,,,,?,,,1,อัน,20,20,18.69,1.31
24/5/2025,,,,?,,,2,อัน,42,84,78.5,5.5
24/5/2025,,,,?,,,2,อัน,20,40,37.38,2.62
24/5/2025,,,,?,,,1,อัน,20,20,18.69,1.31
24/5/2025,,,,?,,,1,อัน,25,25,23.36,1.64
27/5/2025,บริษัท อภิศักดิ์การค้า จำกัด,,,เทปกาว,,,15,อัน,20,300,280.37,19.63
27/5/2025,บริษัท อภิศักดิ์การค้า จำกัด,,,สีย้อมไม้,,,1,กล,720,720,672.9,47.1
31/5/2025,โรงแปนรูปไม้สมโชค,,,112x247,,,1,บาน,700,700,654.21,45.79
31/5/2025,โรงแปนรูปไม้สมโชค,,,100x200,,,1,บาน,600,600,560.75,39.25
31/5/2025,,,SIKO,ทินเนอร์,,,1,ปิ๊ป,850,850,794.39,55.61
31/5/2025,,,,2,,,50,แผ่น,1.5,75,70.09,4.91
31/5/2025,,,,4-Mar,,,50,แผ่น,0.5,25,23.36,1.64
2/6/2025,,,BEGER,สีเตลียบ 930,,,1,กล,720,720,672.9,47.1
2/6/2025,โรงแปนรูปไม้สมโชค,,,100x200,,,2,บาน,"3,500.00","7,000.00","6,542.06",457.94
2/6/2025,โรงแปนรูปไม้สมโชค,,,80x220,,,1,บาน,"4,300.00","4,300.00","4,018.69",281.31
2/6/2025,โรงแปนรูปไม้สมโชค,,,80x255,,,1,บาน,"4,000.00","4,000.00","3,738.32",261.68
2/6/2025,โรงแปนรูปไม้สมโชค,,,94x200,,,1,บาน,"2,900.00","2,900.00","2,710.28",189.72
2/6/2025,โรงแปนรูปไม้สมโชค,,,120x200 100x200,,,2,บาน,600,"1,200.00","1,121.50",78.5
3/6/2025,อินคีรี การค้า,,,12x4x4,,,3,อัน,240,720,672.9,47.1
3/6/2025,นครไทยศิลป์,OSVS6806000043,SIKO,ทินเนอร์อะครีลิค,,3603S,1,ปิ๊ป,890,890,831.78,58.22
3/6/2025,นครไทยศิลป์,OSVS6806000043,TOA,เงา,A,W9138,1,กล,940,940,878.5,61.5
3/6/2025,นครไทยศิลป์,OSVS6806000043,TOA,ด้าน,D,K7007,1,กป,260,260,242.99,17.01
3/6/2025,นครไทยศิลป์,OSVS6806000043,TOA,สีีขาว,,PF099,1,กล,790,790,738.32,51.68
3/6/2025,โรงงานวงกบหมูรุ่งเรืองกิจ,46/23,,เจาะกจติดกุญแจ,,,1,บาน,"1,500.00","1,500.00","1,401.87",98.13
4/6/2025,,,SIKO,ทินเนอร์,,,1,ปิ๊ป,850,850,794.39,55.61
4/6/2025,โรงงานวงกบหมูรุ่งเรืองกิจ,,,80x200,,,1,บาน,"3,000.00","3,000.00","2,803.74",196.26
4/6/2025,โรงงานวงกบหมูรุ่งเรืองกิจ,,,111x205,,,1,บาน,"3,600.00","3,600.00","3,364.49",235.51
,,,,สี,,,14.6667,กล,1.5,22,20.56,1.44
,,,,3,,,5,กล,20,100,93.46,6.54
,,,SIKO,ทินเนอร์,,,1,ปิ๊ป,850,850,794.39,55.61
,,,,ทินเนอร์,,,1,กล,160,160,149.53,10.47
,,,,เทปกาว,,,20,ม้วน,20,400,373.83,26.17
,,,SIKO,ทินเนอร์,,,1,ปิ๊ป,850,850,794.39,55.61
,โรงงานวงกบหมูรุ่งเรืองกิจ,47/1,,80x200,,,2,บาน,"1,800.00","3,600.00","3,364.49",235.51
,โรงงานวงกบหมูรุ่งเรืองกิจ,47/1,,80x200 เสมอขอบ,,,2,บาน,"5,000.00","10,000.00","9,345.79",654.21
,โรงงานวงกบหมูรุ่งเรืองกิจ,47/1,,80x200,,,1,บาน,"1,800.00","1,800.00","1,682.24",117.76
,โรงงานวงกบหมูรุ่งเรืองกิจ,47/1,,80x200,,,1,บาน,"3,600.00","3,600.00","3,364.49",235.51
6/6/2025,,,,ด้าน 9302,,9302,1,กล,750,750,700.93,49.07
6/6/2025,,,,กระดาษทราย,,No.80,3,เมตร,100,300,280.37,19.63
7/6/2025,โรงแปนรูปไม้สมโชค,,,ชุดราวเลื่อน,,,1,ชุด,"2,500.00","2,500.00","2,336.45",163.55
7/6/2025,โรงแปนรูปไม้สมโชค,,,80x200,,,1,บาน,600,600,560.75,39.25
9/6/2025,โรงแปนรูปไม้สมโชค,,,80x200,,,1,บาน,"3,000.00","3,000.00","2,803.74",196.26
9/6/2025,โรงแปนรูปไม้สมโชค,,,หัววงกบ 70,,,1,บาน,200,200,186.92,13.08
11/6/2025,โรงงานวงกบหมูรุ่งเรืองกิจ,47/3,,214,,,1,บาน,"1,180.00","1,180.00","1,102.80",77.2
11/6/2025,โรงงานวงกบหมูรุ่งเรืองกิจ,47/3,,90x210 เลื่อนเสมอขอบ,,,1,บาน,"4,800.00","4,800.00","4,485.98",314.02
11/6/2025,โรงงานวงกบหมูรุ่งเรืองกิจ,47/3,,30x210 เลื่อนเสมอขอบ,,,1,บาน,"2,800.00","2,800.00","2,616.82",183.18
12/6/2025,โรงแปนรูปไม้สมโชค,,,100x200 (7.5x9 om),,,1,บาน,"1,000.00","1,000.00",934.58,65.42
12/6/2025,โรงแปนรูปไม้สมโชค,,,80x200,,,1,บาน,"3,000.00","3,000.00","2,803.74",196.26
13/6/2025,,,,เทปกาว,,,23,อัน,30,690,644.86,45.14
13/6/2025,โรงแปนรูปไม้สมโชค,,,160x206,,,1,บาน,800,800,747.66,52.34
13/6/2025,โรงแปนรูปไม้สมโชค,,,47x202,,,1,บาน,"1,000.00","1,000.00",934.58,65.42
17/6/2025,,,SIKO,ทินเนอร์,,,1,ปิ๊ป,850,850,794.39,55.61
20/6/2025,โรงแปนรูปไม้สมโชค,,,วงกบ 80x200 บัวใน3.5 cm,,,2,บาน,600,"1,200.00","1,121.50",78.5
20/6/2025,โรงแปนรูปไม้สมโชค,,,วงกบบานเลื่อน 111x205,,,1,ชุด,"3,000.00","3,000.00","2,803.74",196.26
20/6/2025,โรงแปนรูปไม้สมโชค,,,หัววงกบ 100 cm,,,1,บาน,200,200,186.92,13.08
20/6/2025,โรงแปนรูปไม้สมโชค,,,80x200 หนา3.5 cm,,,1,บาน,"3,000.00","3,000.00","2,803.74",196.26
20/6/2025,โรงแปนรูปไม้สมโชค,,,เจาะใส่ลูกบิด,,,2,บาน,500,"1,000.00",934.58,65.42
20/6/2025,โรงแปนรูปไม้สมโชค,,,แก้บานติดคิ้วใหม่,,,1,บาน,400,400,373.83,26.17
20/6/2025,โรงแปนรูปไม้สมโชค,,,80x200 หนา3.5,,,1,บาน,"3,000.00","3,000.00","2,803.74",196.26
20/6/2025,โรงแปนรูปไม้สมโชค,,,160x260,,,1,บาน,900,900,841.12,58.88
20/6/2025,โรงแปนรูปไม้สมโชค,,,แก้าน+ติดลูกบิน+ลูกบิด,,,1,บาน,"1,200.00","1,200.00","1,121.50",78.5
20/6/2025,,,SIKO,ทินเนอร์,,,1,ปิ๊ป,850,850,794.39,55.61
20/6/2025,,,,ด้าน,,,1,กล,720,720,672.9,47.1
21/6/2025,โรงแปนรูปไม้สมโชค,,,80x200,,,1,บาน,"3,000.00","3,000.00","2,803.74",196.26
23/6/2025,,680600027,,ไม้เทียม 1.5x5x3.00 ม,,,1,ท่อน,315,315,294.39,20.61
23/6/2025,โรงงานวงกบหมูรุ่งเรืองกิจ,47/13,,106x243,,,1,บาน,"3,300.00","3,300.00","3,084.11",215.89
23/6/2025,โรงงานวงกบหมูรุ่งเรืองกิจ,47/13,,80x200,,,1,บาน,"1,800.00","1,800.00","1,682.24",117.76
23/6/2025,โรงงานวงกบหมูรุ่งเรืองกิจ,47/13,,80x200,,,1,บาน,"3,600.00","3,600.00","3,364.49",235.51
23/6/2025,โรงงานวงกบหมูรุ่งเรืองกิจ,47/13,,109x222,,,1,บาน,"4,500.00","4,500.00","4,205.61",294.39
23/6/2025,โรงงานวงกบหมูรุ่งเรืองกิจ,47/13,,100x200,,,1,บาน,"2,000.00","2,000.00","1,869.16",130.84
23/6/2025,โรงงานวงกบหมูรุ่งเรืองกิจ,47/13,,100x200,,,1,บาน,"5,000.00","5,000.00","4,672.90",327.1
24/6/2025,อินศีรีการค้า,,,1/5x5x2,,,3,บาน,150,450,420.56,29.44
27/6/2025,อินศีรีการค้า,,,1/5x5x2,,,6,บาน,150,900,841.12,58.88
27/6/2025,,,,ด้าน,,,1,กล,720,720,672.9,47.1
27/6/2025,,,,?,,,1,อัน,170,170,158.88,11.12
30/6/2025,โรงงานวงกบหมูรุ่งเรืองกิจ,47/21,,97x221.5,,,1,บาน,"2,500.00","2,500.00","2,336.45",163.55
30/6/2025,โรงงานวงกบหมูรุ่งเรืองกิจ,47/21,,97x221.5,,,1,บาน,"6,500.00","6,500.00","6,074.77",425.23
30/6/2025,โรงงานวงกบหมูรุ่งเรืองกิจ,47/21,,87x200,,,1,บาน,"1,900.00","1,900.00","1,775.70",124.3
30/6/2025,โรงงานวงกบหมูรุ่งเรืองกิจ,47/21,,87x200,,,1,บาน,"4,800.00","4,800.00","4,485.98",314.02
30/6/2025,โรงงานวงกบหมูรุ่งเรืองกิจ,47/21,,90x220,,,1,บาน,"4,500.00","4,500.00","4,205.61",294.39
30/6/2025,โรงงานวงกบหมูรุ่งเรืองกิจ,47/21,,73x220,,,1,บาน,"4,000.00","4,000.00","3,738.32",261.68
30/6/2025,โรงงานวงกบหมูรุ่งเรืองกิจ,47/21,,40x200,,,1,บาน,"2,200.00","2,200.00","2,056.07",143.93
30/6/2025,โรงงานวงกบหมูรุ่งเรืองกิจ,47/21,,80x200,,,1,บาน,"2,100.00","2,100.00","1,962.62",137.38
30/6/2025,โรงงานวงกบหมูรุ่งเรืองกิจ,47/21,,100x200,,,1,บาน,"3,600.00","3,600.00","3,364.49",235.51
30/6/2025,โรงงานวงกบหมูรุ่งเรืองกิจ,47/22,,79x220,,,1,บาน,"1,180.00","1,180.00","1,102.80",77.2
30/6/2025,โรงแปรรูปไม้สมโชค,,,90x200,,,1,บาน,600,600,560.75,39.25
30/6/2025,โรงแปรรูปไม้สมโชค,,,100x200,,,1,บาน,"1,200.00","1,200.00","1,121.50",78.5
30/6/2025,โรงแปรรูปไม้สมโชค,,,120x200,,,1,บาน,"2,200.00","2,200.00","2,056.07",143.93
1/7/2025,สมนึกกลการ,77/32,,สายลม,,,1,อัน,350,350,327.1,22.9
1/7/2025,สมนึกกลการ,77/32,,ค้อต่อ 3 ทาง,,,1,อัน,500,500,467.29,32.71
3/7/2025,โรงแปรรูปไม้สมโชค,,,100x200,,,1,บาน,600,600,560.75,39.25
3/7/2025,โรงแปรรูปไม้สมโชค,,,90x200,,,2,บาน,600,"1,200.00","1,121.50",78.5
3/7/2025,โรงแปรรูปไม้สมโชค,,,80x200,,,2,บาน,600,"1,200.00","1,121.50",78.5
3/7/2025,โรงแปรรูปไม้สมโชค,,,70x200,,,1,บาน,600,600,560.75,39.25
3/7/2025,นตรไทยศิลป์,OSVS6807000056,TOA,ด้าน,D,R2061,1,กป,400,400,373.83,26.17
3/7/2025,นตรไทยศิลป์,OSVS6807000056,TOA,เงา,A,21001,1,กล,900,900,841.12,58.88
4/7/2025,โรงงานวงกบหมูรุ่งเรืองกิจ,47/25,,เรียบไม้เสมอขอบ 100x221,,,1,บาน,"3,100.00","3,100.00","2,897.20",202.8
4/7/2025,,,SIKO,ทินเนอร์,,,1,ปิ๊ป,850,850,794.39,55.61
4/7/2025,,,,"บานพับ 3""",,,8,ตัว,20,160,149.53,10.47
5/7/2025,,,,เครือบด้าน,,9302,1,กล,720,720,672.9,47.1
8/7/2025,,,,น็อต,,,1,ถุง,30,30,28.04,1.96
8/7/2025,,,,แป้นหลัง5,,,1,อัน,160,160,149.53,10.47
8/7/2025,,,,แป้้นหลัง 4,,,1,อัน,80,80,74.77,5.23
8/7/2025,โรงงานวงกบหมูรุ่งเรืองกิจ,48/2,,90X200 เรียบไม้เสมอขอบ,,,1,บาน,"2,900.00","2,900.00","2,710.28",189.72
8/7/2025,โรงงานวงกบหมูรุ่งเรืองกิจ,48/2,,90x200 เรียบเสมอขอบ,,,1,บาน,"4,800.00","4,800.00","4,485.98",314.02
8/7/2025,โรงงานวงกบหมูรุ่งเรืองกิจ,48/2,,30x200 เรียบเสมอขอบ,,,1,บาน,"2,800.00","2,800.00","2,616.82",183.18
8/7/2025,โรงงานวงกบหมูรุ่งเรืองกิจ,48/2,,90x200 เรียบเสมอขอบ,,,1,บาน,"2,900.00","2,900.00","2,710.28",189.72
8/7/2025,,,SIKO,ทินเนอร์,,,1,ปิ๊ป,850,850,794.39,55.61
8/7/2025,,,,?,,,4,อัน,15,60,56.07,3.93
8/7/2025,หจก.เจริญการค้าวัสดุ ฮาร์ดแวร์,O000168-003821,,ไม้จำปาคิ้วน้ำเต้า,"(3/4""X3/4"")25",A-109,24,เส้น,75,"1,800.00","1,682.24",117.76
8/7/2025,หจก.เจริญการค้าวัสดุ ฮาร์ดแวร์,O000168-003821,,ไม้จำปาคิ้วน้ำเต้า,"(5/8""X5/8"")22",A-106,9,เส้น,66,594,555.14,38.86
9/7/2025,,,SIKO,ทินเนอร์,,,1,ปิ๊ป,850,850,794.39,55.61
,,,,สีย้อมไม้,,,1,กล,720,720,672.9,47.1
,,,,สี,,9302,1,กล,720,720,672.9,47.1
,,,,เครืื่อบด้าน,,9302,1,กล,720,720,672.9,47.1
21/7/2025,นครไทยศิลป์,OSVS6807000448,TOA,สีขาว,,PF099,1,กล,790,790,738.32,51.68
21/7/2025,นครไทยศิลป์,OSVS6807000448,TOA,ด้าน,A,,1,กล,940,940,878.5,61.5
21/7/2025,นครไทยศิลป์,OSVS6807000448,TOA,เงา,A,,2,กป,280,560,523.36,36.64
21/7/2025,นครไทยศิลป์,OSVS6807000448,BEGER,สีใส,,C-9302,1,กป,280,280,261.68,18.32
24/7/2025,นครไทยศิลป์,OSVS6807000531,TOA,ด้าน,D,B4151,2,กป,360,720,672.9,47.1
24/7/2025,นครไทยศิลป์,OSVS6807000531,TOA,เงา,D,K7037,1,กล,940,940,878.5,61.5
12/8/2025,นครไทยศิลป์,OSVS6808000214,TOA,ด้าน,A,W9138,1,กล,940,940,878.5,61.5
12/8/2025,นครไทยศิลป์,OSVS6808000214,TOA,ด้าน,D,Y0115,2,กป,300,600,560.75,39.25
12/8/2025,นครไทยศิลป์,OSVS6808000214,TOA,สีพ่นรองพื้น,,PF099,1,กล,790,790,738.32,51.68
6/8/2025,นครไทยศิลป์,OSVS6808000121,TOA,ด้าน,D,N6169,1,กป,270,270,252.34,17.66
6/8/2025,นครไทยศิลป์,OSVS6808000121,TOA,ด้าน,C,7878,1,กป,240,240,224.3,15.7
6/8/2025,นครไทยศิลป์,OSVS6808000121,TOA,เงา,A,7271,1,กป,280,280,261.68,18.32
6/8/2025,นครไทยศิลป์,OSVS6808000121,TOA,เงา,A,W9120,2,กป,250,500,467.29,32.71
7/7/2025,โรงแปรรูปวมโชค,,,100x200,,,1,บาน,300,300,280.37,19.63
7/7/2025,โรงแปรรูปวมโชค,,,160x100,,,2,บาน,"3,000.00","6,000.00","5,607.48",392.52
7/7/2025,โรงแปรรูปวมโชค,,,80x200,,,2,บาน,600,"1,200.00","1,121.50",78.5
10/7/2025,โรงแปรรูปวมโชค,,,90x200,,,1,บาน,"3,000.00","3,000.00","2,803.74",196.26
10/7/2025,โรงแปรรูปวมโชค,,,80x200,,,1,บาน,"3,000.00","3,000.00","2,803.74",196.26
10/7/2025,โรงแปรรูปวมโชค,,,10 cm,,,2,บาน,"4,000.00","8,000.00","7,476.64",523.36
10/7/2025,โรงแปรรูปวมโชค,,,150 cm,,,1,บาน,"5,500.00","5,500.00","5,140.19",359.81
12/7/2025,โรงแปรรูปวมโชค,,,80x200,,,1,บาน,"2,000.00","2,000.00","1,869.16",130.84
12/7/2025,โรงแปรรูปวมโชค,,,100x200,,,1,บาน,"2,300.00","2,300.00","2,149.53",150.47
12/7/2025,โรงแปรรูปวมโชค,,,94x214,,,1,ชุด,"3,000.00","3,000.00","2,803.74",196.26
12/7/2025,โรงแปรรูปวมโชค,,,61x180,,,2,ชุด,"1,600.00","3,200.00","2,990.65",209.35
12/7/2025,โรงแปรรูปวมโชค,,,120x200,,,1,วง,600,600,560.75,39.25
12/7/2025,โรงแปรรูปวมโชค,,,เจาะลูกบิด,,,1,บาน,100,100,93.46,6.54
12/7/2025,,,SIKO,ทินเนอร์,,,1,ปิ๊ป,850,850,794.39,55.61
15/7/2025,อภิศักดิ์การค้า,,SIKO,ทินเนอร์,,,1,ปิ๊ป,850,850,794.39,55.61
15/7/2025,อภิศักดิ์การค้า,,,ย้อมไม้,,M3909,1,กล,320,320,299.07,20.93
15/7/2025,,,,เงา,,,1,กป,320,320,299.07,20.93
15/7/2025,,,,ใบขัด,,,1,อััน,55,55,51.4,3.6
17/7/2025,,,,กระดาษ,,No.220,1,แพ็ค,600,600,560.75,39.25
17/7/2025,,,,เทปกาว,,,1,อัน,75,75,70.09,4.91
17/7/2025,,,,4x4,,,1,อัน,20,20,18.69,1.31
17/7/2025,,,,?,,,2,อัน,139,278,259.81,18.19
17/7/2025,หจก.เจริญค้าวัสดุ ฮาร์ดแวร์,O000168-003999,,ไม้ยางพาลาประสาน 20 มิล,,,1,แฝ่น,"1,790.00","1,790.00","1,672.90",117.1
18/7/2025,,,,แป้นหลิงลิกหลาด,,,5,ใบ,800,"4,000.00","3,738.32",261.68
18/7/2025,,,,ใบตัดเหล็ก,,,1,อัน,20,20,18.69,1.31
18/7/2025,,,,ค้ีมตัดเกล็ก,,,1,อัน,130,130,121.5,8.5
22/7/2025,โรงงานกบหมูรุ่งเรืองกิจ,48/20,,90x200,,,1,บาน,"1,900.00","1,900.00","1,775.70",124.3
22/7/2025,โรงงานกบหมูรุ่งเรืองกิจ,48/20,,90x200,,,1,บาน,"3,700.00","3,700.00","3,457.94",242.06
22/7/2025,โรงงานกบหมูรุ่งเรืองกิจ,48/20,,146x239,,,1,ชุด,"6,500.00","6,500.00","6,074.77",425.23
22/7/2025,โรงงานกบหมูรุ่งเรืองกิจ,48/20,,75x200,,,2,บาน,"2,100.00","4,200.00","3,925.23",274.77
22/7/2025,โรงงานกบหมูรุ่งเรืองกิจ,48/20,,90x200,,,1,บาน,"3,100.00","3,100.00","2,897.20",202.8
22/7/2025,โรงงานกบหมูรุ่งเรืองกิจ,48/20,,99x219,,,2,บาน,"3,600.00","7,200.00","6,728.97",471.03
23/7/2025,หจก.เจริญค้าวัสดุ ฮาร์ดแวร์,O000168-004133,,ไม้จำปาคิ้วน้ำเต้า,,A-109,10,เส้น,75,750,700.93,49.07
23/7/2025,หจก.เจริญค้าวัสดุ ฮาร์ดแวร์,O000168-004133,,ไม้ยางพาลาประสาน 20 มิล,,,1,แผ่น,"1,790.00","1,790.00","1,672.90",117.1
30/7/2025,โรงแปรรูปวมโชค,,,100x200,,,2,บาน,"4,000.00","8,000.00","7,476.64",523.36
30/7/2025,โรงแปรรูปวมโชค,,,100x200,,,2,บาน,600,"1,200.00","1,121.50",78.5
30/7/2025,โรงแปรรูปวมโชค,,,90x200,,,1,บาน,"3,500.00","3,500.00","3,271.03",228.97
30/7/2025,โรงแปรรูปวมโชค,,,106x210,,,1,บาน,"4,000.00","4,000.00","3,738.32",261.68
31/7/2025,โรงแปรรูปวมโชค,,,79x200,,,2,บาน,600,"1,200.00","1,121.50",78.5
31/7/2025,โรงแปรรูปวมโชค,,,มือจับ 20 cm,,,2,คู่,150,300,280.37,19.63
12/8/2025,หจก.เจริญค้าวัสดุ ฮาร์ดแวร์,O000168-004526,,ไม้จำปาคิ้วน้ำเต้า,,A-109,9,เส้น,75,675,630.84,44.16
12/8/2025,หจก.เจริญค้าวัสดุ ฮาร์ดแวร์,O000168-004526,,ไม้อัดยาง 15 มิล ภูเขาหนา,,,1,แผ่น,870,870,813.08,56.92
14/8/2025,,,,ใบกบ,,,1,ถุง,"1,250.00","1,250.00","1,168.22",81.78
14/8/2025,,,,หินรับมีด,,,1,อัน,280,280,261.68,18.32
15/8/2025,,,,"บานพับ 4""",,,1,ชุด,120,120,112.15,7.85
15/8/2025,,,,ใบเลือย 9x40T,,,1,อัน,"1,200.00","1,200.00","1,121.50",78.5
15/8/2025,,,,ใบเลือย 7x40 T,,,1,อัน,590,590,551.4,38.6
15/8/2025,,,,ตะใบ 4,,,1,อัน,130,130,121.5,8.5
15/8/2025,,,,wd40,,,1,อัน,120,120,112.15,7.85
1/8/2025,,,SIKO,ทินเนอร์,,,1,ปิ๊ป,850,850,794.39,55.61
1/8/2025,,,,สีย้อมไม้,,,1,กล,720,720,672.9,47.1
1/8/2025,หจก.เจริญค้าวัสดุ ฮาร์ดแวร์,O000168-004310,,ไม้อัดยาง 15 มิล ภูเขาหนา,,,1,แผ่น,870,870,813.08,56.92
1/8/2025,บริษัท ยุ้งย้งนคร จำกัด,CA680801-031,TOA,กระดาษทราย,,320,60,แผ่น,15,900,841.12,58.88
1/8/2025,บริษัท ยุ้งย้งนคร จำกัด,CA680801-031,TOA,สีย้้อมไม้ เงา,,S07,1,กล,690,690,644.86,45.14
2/8/2025,,,SIKO,ทินเนอร์,,,1,ปิ๊ป,850,850,794.39,55.61
5/8/2025,,,SIKO,ทินเนอร์,,,1,ปิ๊ป,850,850,794.39,55.61
6/8/2025,,,SIKO,ทินเนอร์,,,1,ปิ๊ป,850,850,794.39,55.61
6/8/2025,โรงงานกบหมูรุ่งเรืองกิจ,49/5,,120x200,,,1,บาน,"5,200.00","5,200.00","4,859.81",340.19
6/8/2025,โรงงานกบหมูรุ่งเรืองกิจ,49/5,,34x200,,,1,บาน,"2,200.00","2,200.00","2,056.07",143.93
9/8/2025,โรงแปรรูปไม้สมโชค,,,ซับวงกบมีลาย 6 เส้น,,,12,เมตร,120,"1,440.00","1,345.79",94.21
9/8/2025,โรงแปรรูปไม้สมโชค,,,ซับวงกบไม่มีมีลาย 6 เส้น,,,12,เมตร,100,"1,200.00","1,121.50",78.5
9/8/2025,โรงแปรรูปไม้สมโชค,,,70x200,,,1,บาน,600,600,560.75,39.25
9/8/2025,โรงแปรรูปไม้สมโชค,,,160x220,,,1,บาน,800,800,747.66,52.34
9/8/2025,โรงแปรรูปไม้สมโชค,,,80x220,,,2,บาน,"2,200.00","4,400.00","4,112.15",287.85
9/8/2025,โรงแปรรูปไม้สมโชค,,,160x200,,,1,บาน,700,700,654.21,45.79
9/8/2025,โรงแปรรูปไม้สมโชค,,,วงกบชุดบานเลื่อน 106x214,,,1,ชุด,"4,000.00","4,000.00","3,738.32",261.68
9/8/2025,โรงแปรรูปไม้สมโชค,,,71x217 บานยุโรป,,,1,บาน,"4,000.00","4,000.00","3,738.32",261.68
9/8/2025,โรงแปรรูปไม้สมโชค,,,ค่าคิวบานโค้ง,,,1,ชุด,200,200,186.92,13.08
,,,,กระดาษทราย,,,6,แผ่น,65,390,364.49,25.51
,,,,ด้าน,,,2,กล,320,640,598.13,41.87
,,,,ตาปู 2,,,1,ถุง,60,60,56.07,3.93
,,,,ทินเนอร์,,,1,ปิ๊ป,700,700,654.21,45.79
22/7/2025,สุดนธ์การ์นดร์,,,น้ำมันเครื่อง TD/3T,,,1,ลูก,"1,200.00","1,200.00","1,121.50",78.5
22/7/2025,สุดนธ์การ์นดร์,,,กรองน้ำมันเครื่อง,,,1,ลูก,200,200,186.92,13.08
22/7/2025,สุดนธ์การ์นดร์,,,แป็บเหล็กท้ายได,,,1,เส้น,550,550,514.02,35.98
22/7/2025,สุดนธ์การ์นดร์,,,?,,,1,อัน,250,250,233.64,16.36
22/7/2025,สุดนธ์การ์นดร์,,,ด่านก,,,1,อัน,300,300,280.37,19.63
16/8/2025,โรงแปรรูปไม้สมโชค,,,90x198,,,1,บาน,"2,700.00","2,700.00","2,523.36",176.64
16/8/2025,โรงแปรรูปไม้สมโชค,,,100x199,,,1,บาน,"2,800.00","2,800.00","2,616.82",183.18
16/8/2025,โรงแปรรูปไม้สมโชค,,,90x200,,,1,บาน,"2,300.00","2,300.00","2,149.53",150.47
16/8/2025,โรงแปรรูปไม้สมโชค,,,110x200,,,1,ชุด,"4,200.00","4,200.00","3,925.23",274.77
16/8/2025,โรงแปรรูปไม้สมโชค,,,80x200,,,1,บาน,600,600,560.75,39.25
16/8/2025,โรงแปรรูปไม้สมโชค,,,80x200,,,1,บาน,"2,900.00","2,900.00","2,710.28",189.72
16/8/2025,หจก.เจริญค้าวัสดุ ฮาร์ดแวร์,,TOA,กาวลาแท็กซ์,,No.La-35A,2,หลอด,105,210,196.26,13.74
16/8/2025,หจก.เจริญค้าวัสดุ ฮาร์ดแวร์,,,"ตะปู 1-1/2""",,14,0.1,กก,75,7.5,7.01,0.49
16/8/2025,หจก.เจริญค้าวัสดุ ฮาร์ดแวร์,,,"ตะปู 2""",,13,0.1,กก,75,7.5,7.01,0.49
16/8/2025,หจก.เจริญค้าวัสดุ ฮาร์ดแวร์,,,"ตะปู 3""",,10,0.1,กก,75,7.5,7.01,0.49
16/8/2025,,,,ด้าน,,,1,กล,100,100,93.46,6.54
16/8/2025,,,,เทปกาว,,,1,กล,320,320,299.07,20.93
16/8/2025,,,,?,,,2,อัน,95,190,177.57,12.43
16/8/2025,,,,เลื่อยมือตราตา,,,1,อัน,180,180,168.22,11.78
16/8/2025,,,SOLO,แจเลื่อย 10,,,1,อัน,250,250,233.64,16.36
16/8/2025,,,,จาน 4,,,1,อัน,80,80,74.77,5.23
16/8/2025,,,,ดอกราวเตอร์,,9003,1,ดอก,380,380,355.14,24.86
16/8/2025,,,,ดอกราวเตอร์,,9004,1,ดอก,380,380,355.14,24.86
16/8/2025,,,,ดอกราวเตอร์,,9005,1,ดอก,380,380,355.14,24.86
16/8/2025,,,,กระดาษทราย,,60,100,ใบ,6,600,560.75,39.25
16/8/2025,,,,ลัมในกบ,,,1,ชุด,180,180,168.22,11.78
16/8/2025,,,,เทปกาว,,,1,ม้วน,20,20,18.69,1.31
18/8/2025,,,,สีขาว,,,2,กล,320,640,598.13,41.87
18/8/2025,,,,?,,,4,อัน,139,556,519.63,36.37
18/8/2025,,,,?,,,4,อัน,25,100,93.46,6.54
18/8/2025,,,,?,,,4,อัน,15,60,56.07,3.93
18/8/2025,,,,เบรกเกอร์,,,1,อัน,155,155,144.86,10.14
18/8/2025,,,,แพนด้า VAP 2X25,,,20,เมตร,25,500,467.29,32.71
19/8/2025,,,,100 cm หนา 40cm,,,1,วง,"6,000.00","6,000.00","5,607.48",392.52
19/8/2025,,,,150x150,,,1,ชุด,"4,500.00","4,500.00","4,205.61",294.39
21/8/2025,นครไทยศิลป์,OSVS6808000388,TOA,ด้าน,D,N6196,2,กป,270,540,504.67,35.33
21/8/2025,นครไทยศิลป์,OSVS6808000388,TOA,ด้าน,D,K7037,2,กป,250,500,467.29,32.71
22/8/2025,อภิศักดิ์การค้า,,SIKO,ทินเนอร์,,,1,ปิ๊ป,850,850,794.39,55.61
22/8/2025,อภิศักดิ์การค้า,,,ด้าน,,,1,กล,720,720,672.9,47.1
23/8/2025,,,,?,,,3,อัน,150,450,420.56,29.44
23/8/2025,,,,?,,,3,อัน,50,150,140.19,9.81
23/8/2025,,,,?,,,1,อัน,90,90,84.11,5.89
23/8/2025,,,,ประกับใบเจียร,,,2,อัน,80,160,149.53,10.47
23/8/2025,,,,ประกาปากกว้าง C4,,,2,ตัว,180,360,336.45,23.55
23/8/2025,,,,ประกาปากกว้าง C5,,,2,ตัว,250,500,467.29,32.71
23/8/2025,,,,ปากกาจัมโบ้ 5,,80,1,อัน,"1,600.00","1,600.00","1,495.33",104.67
23/8/2025,,,,กระดาษทราย,,80,20,แผ่น,10,200,186.92,13.08
23/8/2025,,,,กระดาษทราย,,120,20,แผ่น,10,200,186.92,13.08
23/8/2025,,,,กรรไกร,,,1,อัน,60,60,56.07,3.93
23/8/2025,,,,ไฟฟ้า,,,1,ชุด,230,230,214.95,15.05
23/8/2025,,,,หิน 5,,,1,อัน,280,280,261.68,18.32
23/8/2025,โรงแปรรูปไม้สมโชค,,,110x215,,,1,บาน,"2,900.00","2,900.00","2,710.28",189.72
23/8/2025,โรงแปรรูปไม้สมโชค,,,122x227,,,1,บาน,"4,800.00","4,800.00","4,485.98",314.02
23/8/2025,โรงแปรรูปไม้สมโชค,,,100x205,,,3,บาน,"2,500.00","7,500.00","7,009.35",490.65
23/8/2025,โรงแปรรูปไม้สมโชค,,,86x209,,,2,บาน,"2,300.00","4,600.00","4,299.07",300.93
23/8/2025,โรงแปรรูปไม้สมโชค,,,75x230,,,1,บาน,"2,800.00","2,800.00","2,616.82",183.18
23/8/2025,โรงแปรรูปไม้สมโชค,,,80x205,,,1,บาน,"2,200.00","2,200.00","2,056.07",143.93
23/8/2025,โรงแปรรูปไม้สมโชค,,,110x215,,,1,บาน,"2,900.00","2,900.00","2,710.28",189.72
23/8/2025,โรงแปรรูปไม้สมโชค,,,122x227,,,1,บาน,"4,800.00","4,800.00","4,485.98",314.02
23/8/2025,โรงแปรรูปไม้สมโชค,,,86x209,,,2,บาน,"2,300.00","4,600.00","4,299.07",300.93
23/8/2025,โรงแปรรูปไม้สมโชค,,,110x215,,,1,บาน,700,700,654.21,45.79
23/8/2025,โรงแปรรูปไม้สมโชค,,,100x205,,,3,บาน,600,"1,800.00","1,682.24",117.76
23/8/2025,โรงแปรรูปไม้สมโชค,,,75x230,,,1,บาน,700,700,654.21,45.79
23/8/2025,โรงแปรรูปไม้สมโชค,,,80x205,,,1,บาน,600,600,560.75,39.25
26/8/2025,อินคีรี การค้า,,,1x8x2,,,4,อัน,150,600,560.75,39.25
26/8/2025,,,,ไม้ 12x5x2.00 ม,,,4,อัน,210,840,785.05,54.95
26/8/2025,,,SIKO,ทินเนอร์,,,1,ปิ๊ป,850,850,794.39,55.61
27/8/2025,,,,สีขาว,,,2,กล,320,640,598.13,41.87
27/8/2025,,,,ใบเจียเหล็ก,,,1,ใบ,30,30,28.04,1.96
27/8/2025,,,,คิดเฮท์100 a,,,1,อัน,680,680,635.51,44.49
27/8/2025,,,,เมรคเกอร์ 30A,,,1,อัน,155,155,144.86,10.14
27/8/2025,โรงแปรรูปไม้สมโชค,,,96x201,,,3,บาน,"2,500.00","7,500.00","7,009.35",490.65
27/8/2025,โรงแปรรูปไม้สมโชค,,,96x227,,,1,บาน,"2,800.00","2,800.00","2,616.82",183.18
27/8/2025,โรงแปรรูปไม้สมโชค,,,74x201,,,1,บาน,"2,200.00","2,200.00","2,056.07",143.93
28/8/2025,,,SIKO,ทินเนอร์,,,1,ปิ๊ป,850,850,794.39,55.61
28/8/2025,,,,?,,,1,กล,25,25,23.36,1.64
28/8/2025,,,,กระดาษทราย,,,1,แพ็ค,480,480,448.6,31.4
29/8/2025,มหานครการช่าง,,,ประตูโค้ง 4ช่องกระจกกลม,200x100,,1,ชุด,"1,400.00","1,400.00","1,308.41",91.59
29/8/2025,มหานครการช่าง,,,ประตูช่องแสงเล็กใส,202x100,,2,ชุด,120,240,224.3,15.7
29/8/2025,มหานครการช่าง,,,ประตูแปรลูกฟักใส,226x79,,2,ชุด,400,800,747.66,52.34
29/8/2025,มหานครการช่าง,,,กระจกกลม3 ช่องใส,100,,2,ชุด,520,"1,040.00",971.96,68.04
29/8/2025,มหานครการช่าง,,,กระจกประตูใส,200x94,,1,ชุด,300,300,280.37,19.63
29/8/2025,มหานครการช่าง,,,ประตูช่องแสงเล็กใส,200x80,,1,ชุด,120,120,112.15,7.85
29/8/2025,มหานครการช่าง,,,กระจกกลมใส,100,,1,ชุด,520,520,485.98,34.02
29/8/2025,มหานครการช่าง,,,ประตูช่องแสงเล็กใส,200x100,,2,ชุด,150,300,280.37,19.63
29/8/2025,มหานครการช่าง,,,ประตูโค้งใส,200x80,,1,ชุด,320,320,299.07,20.93
29/8/2025,มหานครการช่าง,,,ประตูช่องแสงเล็กใส,238x80,,2,ชุด,220,440,411.21,28.79
29/8/2025,มหานครการช่าง,,,กระจกกลม3ช่องใส,100,,1,ชุด,520,520,485.98,34.02
29/8/2025,มหานครการช่าง,,,ประตูช่องแสงเล็กใส,200x80,,1,ชุด,120,120,112.15,7.85
29/8/2025,มหานครการช่าง,,,ประตูช่องแสงเล็กใส,200x80,,1,ชุด,120,120,112.15,7.85
29/8/2025,มหานครการช่าง,,,ประตูโค้ง6ช่องกระจกลอท,200x80,,1,ชุด,"1,440.00","1,440.00","1,345.79",94.21
29/8/2025,มหานครการช่าง,,,กระจกประตูกระจกลอท,200x80,,1,ชุด,"2,240.00","2,240.00","2,093.46",146.54
29/8/2025,มหานครการช่าง,,,กระจกช่องแสงใส,202x46,,1,ชุด,280,280,261.68,18.32
29/8/2025,มหานครการช่าง,,,ประตูช่องแสงเล็กใส,200x80,,1,ชุด,150,150,140.19,9.81
29/8/2025,มหานครการช่าง,,,ประตูโค้ง6ช่องใส,200x80,,1,ชุด,320,320,299.07,20.93
29/8/2025,มหานครการช่าง,,,กระจกหน้าต่างใส,60x114,,2,ชุด,210,420,392.52,27.48
29/8/2025,มหานครการช่าง,,,กระจกบานหน้าต่างใส,60x94,,2,ชุด,180,360,336.45,23.55
29/8/2025,มหานครการช่าง,,,กระจกช่องแสงใส,154x120,,1,ชุด,160,160,149.53,10.47
29/8/2025,มหานครการช่าง,,,กระจกช่องแสงใส,154x100,,1,ชุด,140,140,130.84,9.16
29/8/2025,มหานครการช่าง,,,ประตูโค้งใส,200x80,,1,ชุด,240,240,224.3,15.7
29/8/2025,มหานครการช่าง,,,ประตูโค้งใส,200x120,,1,ชุด,560,560,523.36,36.64
29/8/2025,มหานครการช่าง,,,ประตูโค้งใส,200x100,,1,ชุด,720,720,672.9,47.1
29/8/2025,มหานครการช่าง,,,ประตูโค้งใส,200x100,,1,ชุด,400,400,373.83,26.17
29/8/2025,มหานครการช่าง,,,ช่องแสงโค้ง+บานหน้าต่างใส,100x160,,2,ชุด,640,"1,280.00","1,196.26",83.74
29/8/2025,มหานครการช่าง,,,ประตูแปรลูกฟักใส,200x80,,1,ชุด,400,400,373.83,26.17
29/8/2025,มหานครการช่าง,,,กระจกกลมใส,100,,1,ชุด,520,520,485.98,34.02
29/8/2025,มหานครการช่าง,,,ประตูแปรลูกฟักใส,200x90,,1,ชุด,400,400,373.83,26.17
29/8/2025,มหานครการช่าง,,,ประตูโค้งแปรลูกฟักใส,200x100,,1,ชุด,600,600,560.75,39.25
29/8/2025,มหานครการช่าง,,,ประตูโค้ง4ช่องใส,200x80,,1,ชุด,300,300,280.37,19.63
29/8/2025,มหานครการช่าง,,,ประตูโค้งแปรลูกฟักใส,200x90,,1,ชุด,500,500,467.29,32.71
29/8/2025,มหานครการช่าง,,,กระจกกลม3ช่องใส,100,,2,ชุด,520,"1,040.00",971.96,68.04
29/8/2025,มหานครการช่าง,,,กระจกบานหน้าต่างใส,110x80,,3,ชุด,350,"1,050.00",981.31,68.69
29/8/2025,มหานครการช่าง,,,ประตูโค้งใส,200x100,,1,ชุด,480,480,448.6,31.4
29/8/2025,มหานครการช่าง,,,ประตูแปรลูกฟักใส,235x70,,2,ชุด,490,980,915.89,64.11
29/8/2025,มหานครการช่าง,,,ประตูโค้ง6ช่องใส,200x90,,1,ชุด,320,320,299.07,20.93
29/8/2025,มหานครการช่าง,,,กระจกกลม3ช่องใส,150,,1,ชุด,840,840,785.05,54.95
29/8/2025,มหานครการช่าง,,,ประตูแปรลูกฟักใส,200x76,,2,ชุด,400,800,747.66,52.34
29/8/2025,มหานครการช่าง,,,ประตูช่องแสงเล็ก,200x90,,1,ชุด,120,120,112.15,7.85
29/8/2025,มหานครการช่าง,,,ประตูช่องแสงเล็ก,200x90,,1,ชุด,120,120,112.15,7.85
29/8/2025,มหานครการช่าง,,,ประตูโค้ง6ช่องใส,240x100,,1,ชุด,500,500,467.29,32.71
29/8/2025,มหานครการช่าง,,,ประตูช่องแสงเล็ก,200x80,,2,ชุด,120,240,224.3,15.7
29/8/2025,มหานครการช่าง,,,กระจกช่องแสงชา,221x40,,1,ชุด,250,250,233.64,16.36
29/8/2025,มหานครการช่าง,,,ประตูช่องแสงเล็กใส,200x120,,1,ชุด,120,120,112.15,7.85
29/8/2025,มหานครการช่าง,,,ประตูช่องแสงเล็กใส,214x106,,1,ชุด,180,180,168.22,11.78
29/8/2025,มหานครการช่าง,,,กระจกช่องแลงชา,262x140,,1,ชุด,270,270,252.34,17.66
29/8/2025,มหานครการช่าง,,,ประตูแปรลูกฟัก,200x90,,1,ชุด,500,500,467.29,32.71
29/8/2025,มหานครการช่าง,,,ช่องแสงโค้งมีบานหน้าต่าง4บานใส,150x150,,1,ชุด,670,670,626.17,43.83
29/8/2025,มหานครการช่าง,,,ช่องแสงกลม3ช่องใส,100x100,,1,ชุด,480,480,448.6,31.4
29/8/2025,มหานครการช่าง,,,ประตูแปรลูกฟักกระจกลอท,200x90,,1,ชุด,"1,900.00","1,900.00","1,775.70",124.3
29/8/2025,มหานครการช่าง,,,ประตูแปรลูกฟักกระจกลอท,200x100,,1,ชุด,"2,200.00","2,200.00","2,056.07",143.93
29/8/2025,มหานครการช่าง,,,ประตูแปรลูฏฟักใส,200x55,,2,ชุด,300,600,560.75,39.25
30/8/2025,โรงแปรรูปไม้สมโชค,,,มืือจับ 80 cm,,,5,คู่,300,"1,500.00","1,401.87",98.13
30/8/2025,โรงแปรรูปไม้สมโชค,,,90x200,,,1,บาน,"3,600.00","3,600.00","3,364.49",235.51
30/8/2025,โรงแปรรูปไม้สมโชค,,,80x200,,,1,บาน,"3,500.00","3,500.00","3,271.03",228.97
30/8/2025,โรงแปรรูปไม้สมโชค,,,146x203,,,1,ชุด,"4,700.00","4,700.00","4,392.52",307.48
2/9/2025,อภิศักดิ์การค้า,,,เทปกาว 3D,,,1,ปิ๊ป,700,700,654.21,45.79
4/9/2025,ส.การช่าง,,,แผ่นคาบ่อน,,,1,ชุด,220,220,205.61,14.39
4/9/2025,ส.การช่าง,,,สายไฟ2x1.5 5m,,,1,เส้น,260,260,242.99,17.01
5/9/2025,,,,ขาว,,,1,กล,320,320,299.07,20.93
6/9/2025,บริาัท เม้งฮวดนครศรี จำกัด,IN680906-0069,,สีเทาศิลา 5.5มิล,,,40,แผ่น,65,"2,600.00","2,429.91",170.09
6/9/2025,บริาัท เม้งฮวดนครศรี จำกัด,IN680906-0069,,สกรู ยึดลอนคู่+ลุกย่าง,,,20,ตัว,4,80,74.77,5.23
6/9/2025,บริาัท เม้งฮวดนครศรี จำกัด,IN680906-0069,,ตะขอ กระเบื้อง แปไม้,,,80,ขิ้น,4,320,299.07,20.93
6/9/2025,บริาัท เม้งฮวดนครศรี จำกัด,IN680906-0069,,ซรฺโคน สีขาว,,,2,หลอด,95,190,177.57,12.43
6/9/2025,บริาัท เม้งฮวดนครศรี จำกัด,IN680906-0069,,ปืนยิงกาว,,,1,ชิ้น,95,95,88.79,6.21
7/9/2025,บริษัท ซีพี แอ็กซ์ตร้า จำกัด,22501502001,,ลวดเสียบแบบกลม,,,1,ชิ้น,75,75,70.09,4.91
7/9/2025,บริษัท ซีพี แอ็กซ์ตร้า จำกัด,22501502001,,แฟ้มกระเป๋ากระดุมสีพื้น,,,1,ชิ้น,120,120,112.15,7.85
7/9/2025,บริษัท ซีพี แอ็กซ์ตร้า จำกัด,22501502001,,บ้ายสติ๊กเกอร์,,,1,ชิ้น,69,69,64.49,4.51
7/9/2025,บริษัท ซีพี แอ็กซ์ตร้า จำกัด,22501502001,,เครื่องเย็บตราม้า,,,1,ชิ้น,119,119,111.21,7.79
7/9/2025,บริษัท ซีพี แอ็กซ์ตร้า จำกัด,22501502001,,น้ำมัแท่งข้าวโพดซ็อกโกแล็ต,,,1,ชิ้น,24.5,24.5,22.9,1.6
7/9/2025,บริษัท ซีพี แอ็กซ์ตร้า จำกัด,22501502001,,บิลเงินสด,,,1,ชิ้น,169,169,157.94,11.06
7/9/2025,บริษัท ซีพี แอ็กซ์ตร้า จำกัด,22501502001,,ใบส่งของชั่วคราว,,,1,ชิ้น,139,139,129.91,9.09
7/9/2025,บริษัท ซีพี แอ็กซ์ตร้า จำกัด,22501502001,,เลื่ย์ร้อกเอ็กตรายารบีคิว,,,1,ชิ้น,50,50,46.73,3.27
7/9/2025,บริษัท ซีพี แอ็กซ์ตร้า จำกัด,22501502001,,เบงเบงเวเฟอร์เคลือบซ็อค,,,1,ชิ้น,44.5,44.5,41.59,2.91
7/9/2025,บริษัท ซีพี แอ็กซ์ตร้า จำกัด,22501502001,,โรลเลอรืรสสาหร่ายยี่ปุ่น,,,1,ชิ้น,47,47,43.93,3.07
7/9/2025,บริษัท ซีพี แอ็กซ์ตร้า จำกัด,22501502001,,มาม่าคัพเส้นเล็กต้มยำ,,,1,ชิ้น,73,73,68.22,4.78
7/9/2025,บริษัท ซีพี แอ็กซ์ตร้า จำกัด,22501502001,,ไทเกอร์ กระดาษ a4,,,1,ชิ้น,389,389,363.55,25.45
7/9/2025,บริษัท ซีพี แอ็กซ์ตร้า จำกัด,22501502001,,เทปใสอะครีลิคแกน,,,1,ชิ้น,79,79,73.83,5.17
7/9/2025,บริษัท ซีพี แอ็กซ์ตร้า จำกัด,22501502001,,สมุดมุมมันคราช้าง,,,1,ชิ้น,199,199,185.98,13.02
7/9/2025,บริษัท ซีพี แอ็กซ์ตร้า จำกัด,22501502001,,เลยืสแต้กขาวครีมและหัวหอม,,,1,ชิ้น,99,99,92.52,6.48
7/9/2025,บริษัท ซีพี แอ็กซ์ตร้า จำกัด,22501502001,,AAปากกาลูกลื่น0.7,,,1,ชิ้น,99,99,92.52,6.48
7/9/2025,บริษัท ซีพี แอ็กซ์ตร้า จำกัด,22501502001,,ยำยำสุตรเด้ดสไปซีล้อบเตอร์,,,1,ชิ้น,50,50,46.73,3.27
7/9/2025,บริษัท ซีพี แอ็กซ์ตร้า จำกัด,22501502001,,เอโร่น้ำดื่ม,,,2,ชิ้น,39,78,72.9,5.1
7/9/2025,บริษัท ซีพี แอ็กซ์ตร้า จำกัด,22501502001,,ชามสลัดเหลื่อม25 ซม,,,1,ชิ้น,39,39,36.45,2.55
7/9/2025,บริษัท ซีพี แอ็กซ์ตร้า จำกัด,22501502001,,แท่นตัดเทป,,,1,ชิ้น,69,69,64.49,4.51
7/9/2025,บริษัท ซีพี แอ็กซ์ตร้า จำกัด,22501502001,,ทิี่คว่ำแก้วพร้อมตะแกรงรอง,,,1,ชิ้น,39,39,36.45,2.55
1/4/2025,นครไทศิลป์,OSVS6804000012,TOA,ด้าน,A,W9138,1,กล,900,900,841.12,58.88
1/4/2025,,,,ปูนเสือ,,,1,อัน,160,160,149.53,10.47
3/1/2025,,67,,สีส้อมไม้,,9301,1,กล,720,720,672.9,47.1
3/1/2024,ห้างหุ่นส่วนจำกัด สปีด ภาคใต้ทัวร์,1727/11,,?,,,1,ชิ้น,80,80,74.77,5.23
3/1/2024,,1868/13,SIKO,ทินเนอร์,,,1,ปิ๊ป,680,680,635.51,44.49
4/1/2024,โรงงานวงกบหมูรุ่งเรืองกิจ,30/26,,100x200,,,1,บาน,"2,000.00","2,000.00","1,869.16",130.84
4/1/2024,โรงงานวงกบหมูรุ่งเรืองกิจ,30/26,,?,,,1,บาน,"5,000.00","5,000.00","4,672.90",327.1
9/1/2024,,,,ประตูลูกฟัก6ช่อง 200x80,,,2,ชุด,360,720,672.9,47.1
10/1/2025,โรงงานวงกบหมูรุ่งเรืองกิจ,31/5,,130x220,,,1,ชุด,"3,500.00","3,500.00","3,271.03",228.97
10/1/2025,โรงงานวงกบหมูรุ่งเรืองกิจ,31/5,,ทิึบเสมอขอบกระจก6ช่อง,,,1,บาน,"4,000.00","4,000.00","3,738.32",261.68
10/1/2025,โรงงานวงกบหมูรุ่งเรืองกิจ,31/5,,ทึบ,,,1,บาน,"3,200.00","3,200.00","2,990.65",209.35
11/1/2024,,,,60x220,,,2,ชุด,"3,300.00","6,600.00","6,168.22",431.78
11/1/2024,,,,80x50,,,2,ชุด,900,"1,800.00","1,682.24",117.76
11/1/2024,,,,60x40,,,1,ชุด,850,850,794.39,55.61
11/1/2024,,,,190x220,,,1,ชุด,"4,800.00","4,800.00","4,485.98",314.02
11/1/2024,,,,160x100,,,1,ชุด,"4,500.00","4,500.00","4,205.61",294.39
11/1/2024,,,,80x130,,,1,ชุด,"1,900.00","1,900.00","1,775.70",124.3
11/1/2024,,,,92x47x60,,,1,คู่,"1,400.00","1,400.00","1,308.41",91.59
11/1/2024,,,,มือจับ 80 ซม,,,4,คู่,300,"1,200.00","1,121.50",78.5
11/1/2024,,,,99.5x46.5x60,,,1,คู่,"1,000.00","1,000.00",934.58,65.42
11/1/2024,,,,กระจกช่องแสงใส,200x30,,1,ชุด,760,760,710.28,49.72
11/1/2024,,,,กระจกช่องแสงใส,200x90,,1,ชุด,600,600,560.75,39.25
11/1/2024,,,,กระจกกลม3ช่องใส,100,,1,ชุด,360,360,336.45,23.55
12/1/2025,,,,ประตูโค้งใส,200x100,,2,ชุด,720,"1,440.00","1,345.79",94.21
12/1/2025,,,,ประตูลูกฟัก 6 ช่องโค้ง,214x81,,1,ชุด,320,320,299.07,20.93
13/1/2025,โรงงานวงกบหมูรุ่งเรืองกิจ,,,100x200,,,1,บาน,"2,000.00","2,000.00","1,869.16",130.84
13/1/2025,โรงงานวงกบหมูรุ่งเรืองกิจ,,,100x200,,,1,บาน,"3,600.00","3,600.00","3,364.49",235.51
15/1/2025,,,,200 ซม,,,1,บาน,"6,500.00","6,500.00","6,074.77",425.23
15/1/2025,,,,80 ซม,,,2,บาน,"2,000.00","4,000.00","3,738.32",261.68
15/1/2025,,,,100 ซม,,,1,บาน,"2,200.00","2,200.00","2,056.07",143.93
15/1/2025,,,,ประตูโค้งใส,200x100,,1,ชุด,480,480,448.6,31.4
17/1/2025,โรงงานวงกบหมูรุ่งเรืองกิจ,,,100x200,,,1,บาน,"2,000.00","2,000.00","1,869.16",130.84
17/1/2025,โรงงานวงกบหมูรุ่งเรืองกิจ,,,100x200,,,1,บาน,"5,000.00","5,000.00","4,672.90",327.1
17/1/2025,,,,กระจกกลมใส,60,,1,ชุด,180,180,168.22,11.78
17/1/2025,,,,กระจกกลมใส,100,,1,ชุด,520,520,485.98,34.02
17/1/2025,,,,หน้าต่างบานใส,80x50,,2,ชุด,80,160,149.53,10.47
17/1/2025,,,,หน้าต่างลูกฟัก3ช่องบานคู่,100x80,,1,ชุด,170,170,158.88,11.12
17/1/2025,,,,หน้าต่างลูกฟัฟ6ช่อง,220x60,,2,ชุด,220,440,411.21,28.79
18/1/2025,,,,75x195,,,1,บาน,"3,000.00","3,000.00","2,803.74",196.26
18/1/2025,,,,160x160,,,1,บาน,"4,500.00","4,500.00","4,205.61",294.39
18/1/2025,,,,160x200,,,1,บาน,700,700,654.21,45.79
18/1/2025,,,,80x200,,,2,บาน,"2,800.00","5,600.00","5,233.64",366.36
18/1/2025,,,,30x200,,,2,บาน,700,"1,400.00","1,308.41",91.59
18/1/2025,,,,ช่องแสงหน้าอั่วใส,100x60,,2,ชุด,240,480,448.6,31.4
18/1/2025,,,,หน้าต่างบานกระทุ้ง,40x60,,1,ชุด,60,60,56.07,3.93
18/1/2025,,,,ประตูแปราะลูกฟัก,214x92,,2,ชุด,400,800,747.66,52.34
18/1/2025,,,,หน้าตางบานสาสด์คู่,100x160,,1,ชุด,500,500,467.29,32.71
19/1/2025,โรงงานวงกบหมูรุ่งเรืองกิจ,41/7,,120x200,,,1,บาน,"2,500.00","2,500.00","2,336.45",163.55
19/1/2025,โรงงานวงกบหมูรุ่งเรืองกิจ,41/7,,100x200,,,1,บาน,"2,000.00","2,000.00","1,869.16",130.84
19/1/2025,โรงงานวงกบหมูรุ่งเรืองกิจ,41/7,,120x200,,,1,บาน,"3,900.00","3,900.00","3,644.86",255.14
19/1/2025,โรงงานวงกบหมูรุ่งเรืองกิจ,41/7,,100x200,,,1,บาน,"5,500.00","5,500.00","5,140.19",359.81
19/1/2025,โรงงานวงกบหมูรุ่งเรืองกิจ,41/7,,80x200,,,2,บาน,750,"1,500.00","1,401.87",98.13
19/1/2025,โรงงานวงกบหมูรุ่งเรืองกิจ,41/7,,โมเดิล 80x200,,,2,บาน,"2,000.00","4,000.00","3,738.32",261.68
20/1/2025,นครไทยศิลป์,OSVS6701000433,,เงา,A,NS1687-3,1,กล,870,870,813.08,56.92
20/1/2025,นครไทยศิลป์,OSVS6701000433,,เงา,B,NS1687-4,1,กป,230,230,214.95,15.05
20/1/2025,นครไทยศิลป์,OSVS6701000433,,เงา,D,NS1687-1,1,กป,240,240,224.3,15.7
20/1/2025,นครไทยศิลป์,OSVS6701000433,,เงา,A,NS1687-2,1,กป,250,250,233.64,16.36
22/1/2025,,,,100 ซม,,,3,บาน,"4,000.00","12,000.00","11,214.95",785.05
22/1/2025,,,,80 ซม,,,2,บาน,"3,500.00","7,000.00","6,542.06",457.94
22/1/2025,,,,40 ซม,,,3,บาน,"2,000.00","6,000.00","5,607.48",392.52
22/1/2025,,,,90 ซม,,,1,บาน,"2,000.00","2,000.00","1,869.16",130.84
22/1/2025,,,,60 ซม,,,1,บาน,"1,200.00","1,200.00","1,121.50",78.5
23/1/2025,,,,กระจกกลม3ช่องใส,100,,1,ชุด,360,360,336.45,23.55
23/1/2025,,,,กระจกกลมใส,100,,1,ชุด,520,520,485.98,34.02
23/1/2025,,,,ประตูโค้งใส,200x120,,1,ชุด,840,840,785.05,54.95
23/1/2025,,,,กระจกช่องแสงมีบานกระทุ้ง3บานตาย6ช่องใส,160x160,,1,ชุด,"1,000.00","1,000.00",934.58,65.42
23/1/2025,,,,ประตูโค้งใส,200x100,,1,ชุด,120,120,112.15,7.85
24/1/2025,,,,กระจกช่องแสงใส,208x30,,2,ชุด,240,480,448.6,31.4
24/1/2025,,,,กระจกประตูช่องเล้ก,200x80,,2,ชุด,180,360,336.45,23.55
29/1/2025,Black&Decker,99517139884,,BASE SA,,,1,ชิ้น,267.5,267.5,250,17.5
29/1/2025,,,,100 ซม,,,5,บาน,"4,000.00","20,000.00","18,691.59","1,308.41"
29/1/2025,,,,60 ซม,,,1,บาน,"1,200.00","1,200.00","1,121.50",78.5
29/1/2025,,,,150 ซม,,,1,บาน,"2,500.00","2,500.00","2,336.45",163.55
29/1/2025,,,,110x250,,,1,ชุด,"4,500.00","4,500.00","4,205.61",294.39
29/1/2025,,,,40x200,,,1,บาน,700,700,654.21,45.79
29/1/2025,,,,180x200,,,2,บาน,700,"1,400.00","1,308.41",91.59
29/1/2025,,,,90x200,,,4,บาน,"2,200.00","8,800.00","8,224.30",575.7
30/1/2025,,,,100x200,,,2,บาน,"2,000.00","4,000.00","3,738.32",261.68
30/1/2025,,,,100x200,,,2,บาน,"3,600.00","7,200.00","6,728.97",471.03
30/1/2025,,,,80x200,,,1,บาน,"1,800.00","1,800.00","1,682.24",117.76
30/1/2025,,,,80x200,,,1,บาน,"4,800.00","4,800.00","4,485.98",314.02
30/1/2025,,,,100x200,,,1,บาน,"2,000.00","2,000.00","1,869.16",130.84
30/1/2025,,,,100x200,,,1,บาน,"5,000.00","5,000.00","4,672.90",327.1
30/1/2025,,,,กระจกกลมใส,,,3,ชุด,520,"1,560.00","1,457.94",102.06
30/1/2025,,,,กระจกกลม3ช่องใส,,,1,ชุด,360,360,336.45,23.55
30/1/2025,,,,กระจกกลมใส,,,1,ชุด,180,180,168.22,11.78
30/1/2025,,,,กระจกประตูกลมเล้กใน,,,1,ชุด,100,100,93.46,6.54
30/1/2025,,,,สีย้อมไม้ สีใส,,,1,กล,720,720,672.9,47.1
30/1/2025,,,SIKO,ทินเนอร์,,,1,ปิ๊ป,850,850,794.39,55.61
31/1/2025,,,,สีย้อมไม้,,9202,1,ลิตร,320,320,299.07,20.93
1/2/2025,,,,140x144,,,1,บาน,700,700,654.21,45.79
1/2/2025,,,,140x230,,,1,บาน,700,700,654.21,45.79
1/2/2025,,,,95x230,,,1,บาน,"3,000.00","3,000.00","2,803.74",196.26
1/2/2025,,,,40x230,,,1,บาน,"1,000.00","1,000.00",934.58,65.42
1/2/2025,,,,มือจับ 180 cm,,,1,คู่,600,600,560.75,39.25
2/2/2025,,,,ประตูโค้งใส,200x100,,1,ชุด,480,480,448.6,31.4
2/2/2025,,,,ประตุกระจกโค้งเล็ก,200x80,,1,ชุด,120,120,112.15,7.85
2/2/2025,,,,กระจกกลม3ช่องใส,100,,1,ชุด,360,360,336.45,23.55
2/2/2025,,,,กระจกกลมใส,150,,1,ชุด,"1,080.00","1,080.00","1,009.35",70.65
2/2/2025,,,,บานติดตายใส,90x200,,1,ชุด,600,600,560.75,39.25
2/2/2025,,,,บานติดตายใส,40x200,,1,ชุด,220,220,205.61,14.39
5/2/2025,โรงงานวงกบหมูรุ่งเรืองกิจ,32/10,,100x200,,,2,บาน,"2,000.00","4,000.00","3,738.32",261.68
5/2/2025,โรงงานวงกบหมูรุ่งเรืองกิจ,32/10,,100x200,,,2,บาน,"4,000.00","8,000.00","7,476.64",523.36
7/2/2025,,,,ประตูโค้งใส,200x100,,1,ชุด,480,480,448.6,31.4
7/2/2025,,,,กระจกช่องแสงใส,140x140,,1,ชุด,"1,000.00","1,000.00",934.58,65.42
9/2/2025,,,,80x200,,,1,บาน,"2,300.00","2,300.00","2,149.53",150.47
9/2/2025,,,,มือจับ 80 ซม,,,4,คู่,300,"1,200.00","1,121.50",78.5
10/2/2025,,,SIKO,ทินเนอร์,,,1,ปิ๊ป,850,850,794.39,55.61
12/2/2025,โรงงานวงกบหมูรุ่งเรืองกิจ,32/19,,100x200,,,1,บาน,"2,000.00","2,000.00","1,869.16",130.84
12/2/2025,โรงงานวงกบหมูรุ่งเรืองกิจ,32/19,,100x200,,,1,บาน,"5,000.00","5,000.00","4,672.90",327.1
12/2/2025,โรงงานวงกบหมูรุ่งเรืองกิจ,32/19,,80x200,,,1,บาน,"1,800.00","1,800.00","1,682.24",117.76
12/2/2025,โรงงานวงกบหมูรุ่งเรืองกิจ,32/19,,80x200,,,1,บาน,"3,400.00","3,400.00","3,177.57",222.43
12/2/2025,,,,กระจกช่องแสงใส,,,1,ชุด,220,220,205.61,14.39
12/2/2025,,,,กระจกช่องแสงใส,,,1,ชุด,420,420,392.52,27.48
12/2/2025,,,,ประตูโค้งใส,,,1,ชุด,320,320,299.07,20.93
12/2/2025,,,,กระจกกลม3ช่องใส,,,1,ชุด,180,180,168.22,11.78
12/2/2025,,,,กระจกประตูมีช่องแสงเล็กใส,,,2,ชุด,90,180,168.22,11.78
14/2/2025,ห้างหุ่นส่วนจำกัดเดอะดิจิตอลเอสทีเอ็ม,RCS1240214003,,SARAMONIC-RS-C2000,,,1,ชิ้น,900,900,841.12,58.88
14/2/2025,ห้างหุ่นส่วนจำกัดเดอะดิจิตอลเอสทีเอ็ม,RCS1240214003,,SARAMONIC-BLINK900 S20RH-H,,,1,ชิ้น,"6,790.00","6,790.00","6,345.79",444.21
17/2/2024,,,,100,,,2,วง,"4,000.00","8,000.00","7,476.64",523.36
17/2/2024,,,,98x205,,,1,ชุด,"6,000.00","6,000.00","5,607.48",392.52
19/2/2024,โรงงานวงกบหมูรุ่งเรืองกิจ,32/24,,100x200,,,1,บาน,"2,000.00","2,000.00","1,869.16",130.84
19/2/2024,โรงงานวงกบหมูรุ่งเรืองกิจ,32/24,,100x200,,,1,บาน,"3,600.00","3,600.00","3,364.49",235.51
19/2/2024,,,,ประตูโค้งใส,200x80,,1,ชุด,320,320,299.07,20.93
19/2/2024,,,,กระจกกลมมีหู2ข้าง,100,,2,ชุด,600,"1,200.00","1,121.50",78.5
19/2/2024,,,,ประตูลูกฟัก8ช่องใส,205x90,,1,ชุด,480,480,448.6,31.4
19/2/2024,นครไทยสิลป์,OSVS6702000447,TOA,เงา,B,G1117,1,กป,250,250,233.64,16.36
22/2/2024,บริษัท เม้งฮวดนครศรีๆ จำกัด,IN670222-0116,,5ฟุต สีเทาศิลา 5.5มิล,,,64,แผ่น,85,"5,440.00","5,084.11",355.89
22/2/2024,บริษัท เม้งฮวดนครศรีๆ จำกัด,IN670222-0116,,4ฟุต สีเทาศิลา 5.5มิล,,,188,แผ่น,65,"12,220.00","11,420.56",799.44
22/2/2024,บริษัท เม้งฮวดนครศรีๆ จำกัด,IN670222-0116,,ครอบสันโค้ง สีเทาศิลา,,,32,แผ่น,85,"2,720.00","2,542.06",177.94
22/2/2024,บริษัท เม้งฮวดนครศรีๆ จำกัด,IN670222-0116,,"ตะขอ กระเบื้อง แปไม้8""x25",,,504,ชิ้น,5,"2,520.00","2,355.14",164.86
22/2/2024,บริษัท เม้งฮวดนครศรีๆ จำกัด,IN670222-0116,,ครอบ ปิดปลาย สีเทาศิลา,,,2,แผ่น,85,170,158.88,11.12
22/2/2024,บริษัท เม้งฮวดนครศรีๆ จำกัด,IN670222-0116,,สกรูยึดลอนคู่+ลูกยาง ปลายสว่าน,,,64,ชิ้น,5,320,299.07,20.93
22/2/2024,บริษัท เม้งฮวดนครศรีๆ จำกัด,IN670222-0116,,ตะปูดอกไม้,,,1,ถุง,30,30,28.04,1.96
23/2/2024,,,,กลมใส,100,,1,ชุด,520,520,485.98,34.02
23/2/2024,,,,กลมใส3ช่อง,100,,1,ชุด,520,520,485.98,34.02
23/2/2024,,,,ช่องแสง2ช่องบานกระทุ้งใส,,,1,ชุด,700,700,654.21,45.79
23/2/2024,,,,ประตูมีช่องแสง,,,1,ชุด,100,100,93.46,6.54
23/2/2024,,,,ประตูกระจกครึ่งบาน,,,1,ชุด,350,350,327.1,22.9
23/2/2024,,,,ประตูมีีแปาะลูกฟัก,,,1,ชุด,700,700,654.21,45.79
23/2/2024,,,,กระจกกลม3ช่องใส,,,1,ชุด,640,640,598.13,41.87
23/2/2024,,,,ทรายเนียน,,,1,ถุง,"1,000.00","1,000.00",934.58,65.42
24/2/2024,,,,ก้อนสีสมล็อก,,,120,ชิ้น,10,"1,200.00","1,121.50",78.5
24/2/2024,,,,สอม ปุนพลุส,,,2,ชิ้น,158,316,295.33,20.67
24/2/2024,,,,สอม ปุนเสือ,,,8,ชิ้น,160,"1,280.00","1,196.26",83.74
24/2/2024,,,,ประตูโค้งใส,200x100,,1,ชุด,480,480,448.6,31.4
24/2/2024,,,,กระจกกลมใส,90,,1,ชุด,380,380,355.14,24.86
24/2/2024,,,,กระจกกลม3ช่องใส,100,,1,ชุด,520,520,485.98,34.02
24/2/2024,,,,กระจกกลมใส,80,,1,ชุด,260,260,242.99,17.01
24/2/2024,,,,กระจกกลมใส,40,,1,ชุด,120,120,112.15,7.85
24/2/2024,,,,กระจกกลมใส,60,,1,ชุด,180,180,168.22,11.78
24/2/2024,,,,ทรายถม,,,1,ถุง,"1,200.00","1,200.00","1,121.50",78.5
24/2/2024,,,,80x60,,,1,ชุด,900,900,841.12,58.88
24/2/2024,,,,100x217,,,2,บาน,"3,000.00","6,000.00","5,607.48",392.52
24/2/2024,,,,200x220,,,1,บาน,700,700,654.21,45.79
24/2/2024,,,,42x220,,,2,บาน,800,"1,600.00","1,495.33",104.67
26/2/2024,,,,ทรายหยาบ,,,1,ถุง,"1,700.00","1,700.00","1,588.79",111.21
26/2/2024,,,,ทรายถม,,,1,ถุง,"1,200.00","1,200.00","1,121.50",78.5
27/2/2024,,,,กระดาษทราย,,NO.120,3,เมตร,300,900,841.12,58.88
27/2/2024,,,,ทินเนอร์,,,1,ปิ๊ป,850,850,794.39,55.61
27/2/2024,บริษัท เม้งฮวดนครศรีๆ จำกัด,IN670227-0067,,"ไม้เชิงชาย8""ป3เมตร สีชิเมนต์",,,18,แผ่น,220,"3,960.00","3,700.93",259.07
27/2/2024,บริษัท เม้งฮวดนครศรีๆ จำกัด,IN670227-0067,,ม้วนใหญ่3.2มืล ตะแกรงเหล้ก ไวเมช,,,1,ม้วน,"2,200.00","2,200.00","2,056.07",143.93
27/2/2024,บริษัท เม้งฮวดนครศรีๆ จำกัด,IN670227-0068,,กรรไกตัดผ้า ต้ามมุม,,,1,ชิ้้น,99,99,92.52,6.48
27/2/2024,,,,ทรายถม,,,1,ถุง,"1,200.00","1,200.00","1,121.50",78.5
,นครไทยศิลป์,,,เงา,B,NS1699-2,1,กล,760,760,710.28,49.72
,นครไทยศิลป์,,,เงา,D,NS1732-6,1,กล,820,820,766.36,53.64
28/2/2024,,,BEGER,สีย้อมไม้ สีเงา,,C-930,1,กล,720,720,672.9,47.1
29/2/2024,,,BEGER,สี,,9301,1,กล,720,720,672.9,47.1
29/2/2024,,,,กระจกกลม3ช่องใส,80,,1,ชุด,260,260,242.99,17.01
29/2/2024,,,,กระจกกลม3ช่องใส,100,,1,ชุด,520,520,485.98,34.02
29/2/2024,,,,ช่องแสง+บานกระทุ้งใส,60x80,,1,ชุด,170,170,158.88,11.12
29/2/2024,,,,ช่องแสงใส,220x42,,2,ชุด,700,"1,400.00","1,308.41",91.59
1/3/2024,โรงงานวงกบหมูรุ่งเรืองกิจ,33/11,,100x200,,,1,บาน,"2,000.00","2,000.00","1,869.16",130.84
1/3/2024,โรงงานวงกบหมูรุ่งเรืองกิจ,33/11,,100x200,,,1,บาน,"3,500.00","3,500.00","3,271.03",228.97
1/3/2024,นครไทยสิลป์,OSVS6703000017,,เงา,D,N6080,1,กป,250,250,233.64,16.36
1/3/2024,นครไทยสิลป์,OSVS6703000017,,เงา,,814,1,กป,280,280,261.68,18.32
1/3/2024,,,,กระดาษทราย,,,1,เมตร,120,120,112.15,7.85
4/3/2024,นครทวดทองคอนกรีด,OOO828,,คอนกรีดกำลังอัด180,,,3,ลบ.ม,"1,850.00","5,550.00","5,186.92",363.08
5/3/2024,,,,120 cm,,,1,บาน,"2,300.00","2,300.00","2,149.53",150.47
5/3/2024,,,,130x240,,,1,ชุด,"5,500.00","5,500.00","5,140.19",359.81
5/3/2024,นครทวดทองคอนกรีด,,,คอนกรีดกำลังอัด180,,,3.75,ลบ.ม,"1,850.00","6,937.50","6,483.64",453.86
6/3/2024,,,,80x200,,,1,บาน,"2,000.00","2,000.00","1,869.16",130.84
6/3/2024,,,,80x200,,,1,บาน,600,600,560.75,39.25
6/3/2024,,,,80x120,,,1,ชุด,"1,900.00","1,900.00","1,775.70",124.3
6/3/2024,,,,ประตูโค้งใส,200x100,,1,ชุด,720,720,672.9,47.1
6/3/2024,,,,ประตูลูกฟัก4ช่องใส,240x124,,1,ชุด,700,700,654.21,45.79
6/3/2024,,,,กระจกกลมใส,100,,1,ชุด,520,520,485.98,34.02
7/3/2024,นครไทยศิลป์,OSVS6703000179,TOA,กระดาษทราย,,NO.1000,12,แผ่น,15,180,168.22,11.78
7/3/2024,นครไทยศิลป์,OSVS6703000179,TOA,เงา,D,NS1732-6,2,กป,250,500,467.29,32.71
7/3/2024,นครไทยศิลป์,OSVS6703000179,TOA,เงา,A,NS1655-5,1,กป,250,250,233.64,16.36
7/3/2024,นครไทยศิลป์,OSVS6703000179,TOA,สีขาว,,900,1,กป,250,250,233.64,16.36
13/3/2024,,,,กระจกกลม3ช่องใหญ่,100,,1,ชุด,520,520,485.98,34.02
13/3/2024,,,,ประตูลุกฟัก9ช่องใส,200x80,,1,ชุด,240,240,224.3,15.7
13/3/2024,,,,หน้าต่างลุกฟัก3ช่อง,130x80,,1,ชุด,240,240,224.3,15.7
13/3/2024,,,,กระจกกลม3ช่องใหญ่,100,,1,ชุด,520,520,485.98,34.02
14/3/2024,,,SIKO,ทินเนอร์,,,1,ปิ๊ป,850,850,794.39,55.61
14/3/2024,โรงงานวงกบหมูรุ่งเรืองกิจ,33/24,,89x200,,,1,ชิ้น,"1,800.00","1,800.00","1,682.24",117.76
14/3/2024,โรงงานวงกบหมูรุ่งเรืองกิจ,33/24,,89x200,,,1,ชิ้น,"3,700.00","3,700.00","3,457.94",242.06
16/3/2024,,,,อิฐม้วนเบา,,,172,ชิ้น,35,"6,020.00","5,626.17",393.83
16/3/2024,,,,ปูนเสือ,,,2,ถุง,155,310,289.72,20.28
16/3/2024,,,,กระจกกลม3ช่องใส,,,1,ชุด,520,520,485.98,34.02
16/3/2024,,,,หน้าต่างเลื่อนคู่ใส,,,1,ชุด,320,320,299.07,20.93
16/3/2024,,,,ประตูมีช่องแสงข้าง,,,1,ชุด,360,360,336.45,23.55
18/3/2024,,,,160x200,,,1,บาน,"7,000.00","7,000.00","6,542.06",457.94
18/3/2024,,,,100x200,,,1,บาน,"4,500.00","4,500.00","4,205.61",294.39
18/3/2024,,,,160x200,,,1,บาน,700,700,654.21,45.79
18/3/2024,,,,ธรณี120 ซม,,,1,บาน,150,150,140.19,9.81
19/3/2024,,,,ทินเนอร์,,,1,ปิ๊ป,850,850,794.39,55.61
19/3/2024,,,BEGER,สี,,9301,2,กป,300,600,560.75,39.25
20/3/2024,โรงงานวงกบหมูรุ่งเรืองกิจ,33/1,,70x200,,,1,บาน,"1,800.00","1,800.00","1,682.24",117.76
20/3/2024,โรงงานวงกบหมูรุ่งเรืองกิจ,33/1,,70x200,,,1,บาน,"3,800.00","3,800.00","3,551.40",248.6
20/3/2024,โรงงานวงกบหมูรุ่งเรืองกิจ,33/1,,90x200,,,1,บาน,"1,900.00","1,900.00","1,775.70",124.3
20/3/2024,โรงงานวงกบหมูรุ่งเรืองกิจ,33/1,,90x200,,,1,บาน,"4,800.00","4,800.00","4,485.98",314.02
20/3/2024,โรงงานวงกบหมูรุ่งเรืองกิจ,33/1,,100x200,,,1,บาน,"2,000.00","2,000.00","1,869.16",130.84
20/3/2024,โรงงานวงกบหมูรุ่งเรืองกิจ,33/1,,100x200,,,1,บาน,"3,600.00","3,600.00","3,364.49",235.51
21/3/2024,,,,50 ซม,,,8,บาน,"2,200.00","17,600.00","16,448.60","1,151.40"
21/3/2024,,,,สีย้อมไม้ สีเงา,,,1,กล,"1,462.00","1,462.00","1,366.36",95.64
22/3/2024,,,,กระจกประตูใส,,,1,ชุด,780,780,728.97,51.03
22/3/2024,,,,ประตูโค้งลูกฟัก9ช่อง,200x100,,1,ชุด,320,320,299.07,20.93
22/3/2024,,,,ช่องแสง3ช่องบานกระทุ้ง3บานใส,200x90,,1,ชุด,960,960,897.2,62.8
22/3/2024,,,,กระจกกลม3ช่องใส,100,,1,ชุด,360,360,336.45,23.55
22/3/2024,,,,ประตูลูกฟัก9ช่องใส,200x80,,2,ชุด,320,640,598.13,41.87
23/3/2024,,,,120x200,,,1,ชุด,"4,500.00","4,500.00","4,205.61",294.39
27/3/2024,,,,มือจับ 80 cm,,,4,คู่,300,"1,200.00","1,121.50",78.5
27/3/2024,,,,ขาตั้งบาน,,,5,คู่,100,500,467.29,32.71
27/3/2024,,,,150x150,,,3,ชุด,"2,600.00","7,800.00","7,289.72",510.28
28/3/2024,,,,กระจกกลม3ช่องใส,60,,8,ชุด,160,"1,280.00","1,196.26",83.74
28/3/2024,,,,ประตูโค้งใส,200x100,,1,ชุด,480,480,448.6,31.4
28/3/2024,,,,ช่องแสงประตูลูกฟัก4ช่อง,150100,,1,ชุด,600,600,560.75,39.25
28/3/2024,L.T.V,O46/40,,6ลิต 205/70/15,,,4,ชิ้น,"1,900.00","7,600.00","7,102.80",497.2
28/3/2024,,,TOA,สีเงา,21001,,1,กล,"1,462.00","1,462.00","1,366.36",95.64
28/3/2024,,,SIKO,ทินเนอร์,,,1,ปิ๊ป,850,850,794.39,55.61
29/3/2024,,,,100 cm,,,2,บาน,"4,000.00","8,000.00","7,476.64",523.36
29/3/2024,,,,150x150,,,2,บาน,"4,000.00","8,000.00","7,476.64",523.36
29/3/2024,,,,75x75,,,1,บาน,"3,000.00","3,000.00","2,803.74",196.26
29/3/2024,,,,100x110,,,1,บาน,"4,500.00","4,500.00","4,205.61",294.39
1/4/2024,,,,80x200,,,1,บาน,600,600,560.75,39.25
1/4/2024,,,,80x210,,,3,บาน,600,"1,800.00","1,682.24",117.76
1/4/2024,,,,หน้าต่างบาน6ช่อง,150x150,,3,ชุด,800,"2,400.00","2,242.99",157.01
1/4/2024,,,,กระจกช่องแสงใส,200x22,,1,ชุด,140,140,130.84,9.16
1/4/2024,,,,กระจกกลมใส,100,,2,ชุด,520,"1,040.00",971.96,68.04
1/4/2024,,,,กระจกกลมใส3ช่อง,100,,2,ชุด,360,720,672.9,47.1
1/4/2024,,,,หน้าต่างบานเลื่อนมีช่องแสง,75x75,,1,อ,210,210,196.26,13.74
1/4/2024,,,,กระดาษทราย,,,3,เมตร,116.67,350,327.1,22.9
5/4/2024,L.T.V,O48/50,,น้ำมันเครื่องไอโอ25000 15w-40,,,1,กล,"1,000.00","1,000.00",934.58,65.42
5/4/2024,L.T.V,O48/50,,กรองเครื่อง,,,1,ลูก,150,150,140.19,9.81
6/4/2024,โรงงานวงกบหมูรุ่งเรืองกิจ,33/1/28,,80 cm,,,2,บาน,"2,500.00","5,000.00","4,672.90",327.1
6/4/2024,โรงงานวงกบหมูรุ่งเรืองกิจ,33/1/28,,70x190,,,1,บาน,"1,800.00","1,800.00","1,682.24",117.76
6/4/2024,โรงงานวงกบหมูรุ่งเรืองกิจ,33/1/28,,80x200,,,1,บาน,"1,800.00","1,800.00","1,682.24",117.76
6/4/2024,โรงงานวงกบหมูรุ่งเรืองกิจ,33/1/28,,100x200,,,1,บาน,"2,000.00","2,000.00","1,869.16",130.84
6/4/2024,โรงงานวงกบหมูรุ่งเรืองกิจ,33/1/28,,70x190,,,1,บาน,"3,600.00","3,600.00","3,364.49",235.51
6/4/2024,โรงงานวงกบหมูรุ่งเรืองกิจ,33/1/28,,80x200,,,1,บาน,"3,600.00","3,600.00","3,364.49",235.51
6/4/2024,โรงงานวงกบหมูรุ่งเรืองกิจ,33/1/28,,100x200,,,1,บาน,"3,800.00","3,800.00","3,551.40",248.6
6/4/2024,,,,90x235,,,1,บาน,"3,000.00","3,000.00","2,803.74",196.26
6/4/2024,,,,หน้าต่างบานนโค้งคู่,120x100,,1,ชุด,320,320,299.07,20.93
6/4/2024,,,,ช่องแสงโค้ง3แผ่นมีบานคู่3บาน,160x160,,2,ชุด,960,"1,920.00","1,794.39",125.61
6/4/2024,,,,ประตูโค้งใส,200x100,,1,ชุด,480,480,448.6,31.4
6/4/2024,,,,ช่องแสงใส,200x30,,1,ชุด,140,140,130.84,9.16
6/4/2024,บ้านสีสวย,13/15,TOA,เงา,,,1,กล,790,790,738.32,51.68
6/4/2024,บ้านสีสวย,Dec-45,SIKO,ทินเนอร์,,,1,ปิ๊ป,890,890,831.78,58.22
9/4/2024,โรงงานวงกบหมูรุ่งเรืองกิจ,33/1/30,,80x200,,,1,บาน,"1,800.00","1,800.00","1,682.24",117.76
9/4/2024,โรงงานวงกบหมูรุ่งเรืองกิจ,33/1/30,,100x200,,,1,บาน,"2,000.00","2,000.00","1,869.16",130.84
9/4/2024,โรงงานวงกบหมูรุ่งเรืองกิจ,33/1/30,,80x200,,,1,บาน,"3,700.00","3,700.00","3,457.94",242.06
9/4/2024,โรงงานวงกบหมูรุ่งเรืองกิจ,33/1/30,,100x200,,,1,บาน,"3,600.00","3,600.00","3,364.49",235.51
9/4/2024,โรงงานวงกบหมูรุ่งเรืองกิจ,33/1/30,,120 วงกบติดตาย,,,1,บาน,"3,100.00","3,100.00","2,897.20",202.8
9/4/2024,,,,100x200,,,1,บาน,"2,500.00","2,500.00","2,336.45",163.55
9/4/2024,,,,150x100,,,2,บาน,"3,500.00","7,000.00","6,542.06",457.94
9/4/2024,,,,150x150,,,1,บาน,"4,500.00","4,500.00","4,205.61",294.39
9/4/2024,,,,80x200,,,1,บาน,600,600,560.75,39.25
12/4/2024,,,BEGER,สี,,9310,1,กล,720,720,672.9,47.1
12/4/2024,,,,กระจกตูเต็มบานใส,220x90,,1,ชุด,480,480,448.6,31.4
12/4/2024,,,,กระจกตูมีแปาะหลอก,200x80,,1,ชุด,280,280,261.68,18.32
12/4/2024,,,,กระจกตูมีแปาะหลอก,200x80,,1,ชุด,400,400,373.83,26.17
12/4/2024,,,,กระจกกลมใส,80,,1,ชุด,260,260,242.99,17.01
12/4/2024,,,,ประตูลูกฟัก6ช่องใสโค้ง,200x100,,1,ชุด,400,400,373.83,26.17
12/4/2024,,,,ประตูลูกฟัก9ช่อง,200x80,,1,ชุด,240,240,224.3,15.7
12/4/2024,,,,ประตูลูกฟัก9ช่อง,210x80,,1,ชุด,320,320,299.07,20.93
12/4/2024,,,,ประตูลูกฟัก9ช่อง,210x80,,2,ชุด,360,720,672.9,47.1
12/4/2024,,,,กลม3ช่องใส,80,,1,ชุด,260,260,242.99,17.01
12/4/2024,,,,หน้าต่างบานกระทุ้งคู่,100x150,,2,ชุด,460,920,859.81,60.19
12/4/2024,,,,ประตูลูกฟัก4ช่องโค้งใส,200x70,,1,ชุด,240,240,224.3,15.7
12/4/2024,,,,ประตูลูกฟัก4ช่องโค้งใส,200x80,,1,ชุด,320,320,299.07,20.93
12/4/2024,,,SIKO,ทินเนอร์,,,1,ปิ๊ป,850,850,794.39,55.61
19/4/2024,,,,ประตูมีช่องแสงเล้ก,240x90,,2,ชุด,270,540,504.67,35.33
19/4/2024,,,,กระจกกลมใส,100,,3,ชุด,520,"1,560.00","1,457.94",102.06
19/4/2024,,,,ประตูโค้งใส,200x100,,1,ชุด,480,480,448.6,31.4
19/4/2024,,,,ประตูโค้งใสแปาะลูกฟัก,200x100,,1,ชุด,720,720,672.9,47.1
19/4/2024,,,,หน้าต่างเลื่อน2บนมีช่องแสงใส,150x150,,1,ชุด,720,720,672.9,47.1
20/4/2024,,,,กระจกกลม3ช่องใส,80,,1,ชุด,200,200,186.92,13.08
20/4/2024,,,,ช่องแสง6ช่องมีบานกระทุ้ง3บานพร้อมมุ้งสวดใส,150x150,,1,ชุด,"1,600.00","1,600.00","1,495.33",104.67
20/4/2024,,,,ช่องแสงลูกฟัก6ช่อง,120x40,,1,ชุด,300,300,280.37,19.63
22/4/2024,,,SIKO,ทินเนอร์,,,1,ปิ๊ป,850,850,794.39,55.61
22/4/2024,,,,สีย้อมไม้ สีเงา,,9301,1,กล,720,720,672.9,47.1
22/4/2024,,,,กระดาษทราย,,,5,เมตร,100,500,467.29,32.71
23/4/2024,,,,176.5x216.3,,,1,ชุด,"6,400.00","6,400.00","5,981.31",418.69
23/4/2024,,,,กระจกกลม3ช่อง,80,,1,ชุด,270,270,252.34,17.66
23/4/2024,,,,กระจกกลม3ช่อง,120,,1,ชุด,690,690,644.86,45.14
23/4/2024,,,,ประตูโค้งใส,200x100,,2,ชุด,480,960,897.2,62.8
23/4/2024,,,,กระจกช่องแสงใส,220x190,,1,ชุด,140,140,130.84,9.16
23/4/2024,,,,ช่องแสงครึ่งวงกลมใส,120x150,,1,ชุด,860,860,803.74,56.26
23/4/2024,,,,ประตูโค้งใส,200x80,,1,ชุด,240,240,224.3,15.7
25/4/2024,,,,113x217,,,1,บาน,"6,200.00","6,200.00","5,794.39",405.61
29/4/2024,,,,เทปกาว,,,6,ม้วน,40,240,224.3,15.7
30/4/2024,โรงงานวงกบหมูรุ่งเรืองกิจ,34/18,,80x200,,,1,บาน,"1,800.00","1,800.00","1,682.24",117.76
30/4/2024,โรงงานวงกบหมูรุ่งเรืองกิจ,34/18,,100x200,,,1,บาน,"2,400.00","2,400.00","2,242.99",157.01
30/4/2024,,,,กระจกกลม3ช่องใส,100,,1,ชุด,520,520,485.98,34.02
30/4/2024,,,,กระจกใส,100,,1,ชุด,520,520,485.98,34.02
30/4/2024,,,,ประตูโค้งมีเหล็ก,210x106,,1,ชุด,60,60,56.07,3.93
30/4/2024,,,,ประตูมีช่องแสงเล้ก,215x85,,2,ชุด,210,420,392.52,27.48
2/5/2024,,,,มือจับ 80 cm,,,10,คู่,30,300,280.37,19.63
2/5/2024,,,,100x217.5,,,2,บาน,"3,000.00","6,000.00","5,607.48",392.52
2/5/2024,,,,899x212,,,1,บาน,"2,500.00","2,500.00","2,336.45",163.55
2/5/2024,,,,95x212,,,1,บาน,700,700,654.21,45.79
2/5/2024,,,,42.5x212,,,2,บาน,"2,500.00","5,000.00","4,672.90",327.1
2/5/2024,,,,80x50,,,1,ชุด,"3,350.00","3,350.00","3,130.84",219.16
2/5/2024,,,BEGER,เงา,,9301,1,กล,720,720,672.9,47.1
2/5/2024,,,,กระดาษทราย,,,1,ชิ้น,120,120,112.15,7.85
2/5/2024,,,SIKO,ทินเนอร์,,,1,ปิ๊ป,850,850,794.39,55.61
3/5/2024,นครไทยศิลป์,OSVS6705000058,TOA,ด้าน,D,NS1655-4,1,กล,"1,750.00","1,750.00","1,635.51",114.49
3/5/2024,นครไทยศิลป์,OSVS6705000058,BEGER,เงา,A,NS1811-7,1,กป,220,220,205.61,14.39
3/5/2024,นครไทยศิลป์,OSVS6705000058,BEGER,เงา,A,NS1812-1,1,กป,240,240,224.3,15.7
4/5/2024,,,,กระจกกลมใส,100,,3,ชุด,520,"1,560.00","1,457.94",102.06
4/5/2024,,,,กระจกกลม3ช่องใส,100,,1,ชุด,360,360,336.45,23.55
6/5/2024,นครไทยศิลป์,OSVS6705000114,TOA,ด้าน,C,NS1513-3,1,กป,440,440,411.21,28.79
8/5/2024,,,,120 cm,,,12,วง,"2,300.00","27,600.00","25,794.39","1,805.61"
8/5/2024,,,,150 cm,,,1,วง,"2,500.00","2,500.00","2,336.45",163.55
11/5/2024,โรงงานวงกบหมูรุ่งเรืองกิจ,35/4,,80x200,,,1,บาน,700,700,654.21,45.79
11/5/2024,โรงงานวงกบหมูรุ่งเรืองกิจ,35/4,,80x200,,,1,บาน,"3,500.00","3,500.00","3,271.03",228.97
11/5/2024,โรงงานวงกบหมูรุ่งเรืองกิจ,35/4,,80x200,,,1,บาน,700,700,654.21,45.79
11/5/2024,โรงงานวงกบหมูรุ่งเรืองกิจ,35/4,,80x200,,,1,บาน,"3,600.00","3,600.00","3,364.49",235.51
11/5/2024,,,,กระจกช่องแสงใส,212x42,,2,ชุด,250,500,467.29,32.71
11/5/2024,,,,กระจกกลมใส,120,,5,ชุด,720,"3,600.00","3,364.49",235.51
11/5/2024,,,,กระจกกลมใส,120,,5,ชุด,720,"3,600.00","3,364.49",235.51
11/5/2024,,,,200x270,,,1,ชุด,"6,500.00","6,500.00","6,074.77",425.23
11/5/2024,,,,355x130,,,1,ชุด,"8,000.00","8,000.00","7,476.64",523.36
11/5/2024,,,,มือจับกลม28ซม,,,2,คู่,150,300,280.37,19.63
14/5/2024,,,,กระจกกลมใส,120,,3,ชุด,720,"2,160.00","2,018.69",141.31
14/5/2024,,,,กระจกประตููโค้งใส,200x80,,1,ชุด,160,160,149.53,10.47
14/5/2024,,,,กระจกประตููโค้งใส,250x80,,1,ชุด,320,320,299.07,20.93
15/5/2024,,,,67.5x166,,,1,ชุด,"2,400.00","2,400.00","2,242.99",157.01
15/5/2024,,,SIKO,ทินเนอร์,,,1,ปิ๊ป,850,850,794.39,55.61
15/5/2024,,,BEGER,ใส,,,1,กล,720,720,672.9,47.1
18/5/2024,,,,กระจกกลมใส,150,,1,ชุด,"1,120.00","1,120.00","1,046.73",73.27
18/5/2024,,,,ประตูโค้งมีีช่องแสง,267x98,,2,ชุด,820,"1,640.00","1,532.71",107.29
20/5/2024,,,,สีย้อมไม้,,9301,1,กล,720,720,672.9,47.1
20/5/2024,,,,สี,,,1,กล,250,250,233.64,16.36
16/5/2024,,,,60x160,,,1,ชุด,"5,000.00","5,000.00","4,672.90",327.1
16/5/2024,,,,160x200,,,1,ชุด,"7,000.00","7,000.00","6,542.06",457.94
21/5/2024,,,,ช่องแสงโค้งชุดใหญ่4ช่อง,,,1,ชุด,"1,840.00","1,840.00","1,719.63",120.37
21/5/2024,,,,หน้าต่างโค้ง,60x160,,1,ชุด,250,250,233.64,16.36
23/5/2024,,,,160x120,,,1,ชุด,"4,500.00","4,500.00","4,205.61",294.39
23/5/2024,,,,160x200,,,1,ชุด,"10,000.00","10,000.00","9,345.79",654.21
25/5/2024,,,,ประตูโคึชงลูกฟัก6ช่องใส,200x80,,2,ชุด,540,"1,080.00","1,009.35",70.65
25/5/2024,,,,กระจกกลมใส,100,,1,ชุด,520,520,485.98,34.02
25/5/2024,,,,หน้าต่างบานเลื่ื่อนคู่มีแปาะลูกฟักใส,120x160,,1,ชุด,480,480,448.6,31.4
29/5/2024,โรงงานวงกบหมูรุ่งเรืองกิจ,35/21,,80x200,,,2,บาน,"1,800.00","3,600.00","3,364.49",235.51
29/5/2024,โรงงานวงกบหมูรุ่งเรืองกิจ,35/21,,80x200,,,2,บาน,"3,800.00","7,600.00","7,102.80",497.2
29/5/2024,โรงงานวงกบหมูรุ่งเรืองกิจ,35/21,,100x200,,,1,บาน,"2,000.00","2,000.00","1,869.16",130.84
29/5/2024,โรงงานวงกบหมูรุ่งเรืองกิจ,35/21,,100x200,,,1,บาน,"3,000.00","3,000.00","2,803.74",196.26
3/6/2024,,,,กระจกกลม3ช่องใส,,,1,ชุด,360,360,336.45,23.55
3/6/2024,,,,ประตูมีช่องแสงข้างใส,,,2,ชุด,180,360,336.45,23.55
3/6/2024,,,,ประตูโค้งลูกฟัก6ช่อง,,,1,ชุด,320,320,299.07,20.93
3/6/2024,,,,กระจกกลมใส,,,1,ชุด,520,520,485.98,34.02
5/6/2024,,,,150 cm,,,1,บาน,"2,500.00","2,500.00","2,336.45",163.55
5/6/2024,,,,120x200,,,1,บาน,700,700,654.21,45.79
5/6/2024,,,,160x100,,,2,บาน,"4,500.00","9,000.00","8,411.21",588.79
5/6/2024,,,,120x200,,,1,บาน,"3,500.00","3,500.00","3,271.03",228.97
5/6/2024,,,,100x220,,,1,บาน,"3,700.00","3,700.00","3,457.94",242.06
5/6/2024,,,,40x220,,,1,บาน,700,700,654.21,45.79
5/6/2024,,,,280x205,,,1,ชุด,"9,700.00","9,700.00","9,065.42",634.58
6/6/2024,,,,มือจับ,,,10,คู่,300,"3,000.00","2,803.74",196.26
8/6/2024,,,,ประตูโค้งใส,200x100,,1,ชุด,720,720,672.9,47.1
8/6/2024,,,,กระจกกลม3ช่องใส,100,,2,ชุด,360,720,672.9,47.1
12/6/2024,โรงงานวงกบหมูรุ่งเรืองกิจ,36/6,,80x200,,,1,บาน,"1,800.00","1,800.00","1,682.24",117.76
12/6/2024,โรงงานวงกบหมูรุ่งเรืองกิจ,36/6,,100x200,,,1,บาน,"2,000.00","2,000.00","1,869.16",130.84
12/6/2024,โรงงานวงกบหมูรุ่งเรืองกิจ,36/6,,80x200,,,1,บาน,"3,600.00","3,600.00","3,364.49",235.51
12/6/2024,โรงงานวงกบหมูรุ่งเรืองกิจ,36/6,,100x200,,,1,บาน,"3,800.00","3,800.00","3,551.40",248.6
12/6/2024,โรงงานวงกบหมูรุ่งเรืองกิจ,36/6,,90x200,,,1,บาน,750,750,700.93,49.07
12/6/2024,โรงงานวงกบหมูรุ่งเรืองกิจ,36/6,,หนาเสมอขอบเส้นตัด,90x200,,1,บาน,"4,500.00","4,500.00","4,205.61",294.39
12/6/2024,,,,หน้าต่างบานเลื่อน2บาน,100x160,,2,บาน,400,800,747.66,52.34
12/6/2024,,,,กระจกช่องแสงใส,228x48,,1,บาน,480,480,448.6,31.4
12/6/2024,,,,กระจกกลมใส3ช่อง,100,,1,ชุด,720,720,672.9,47.1
12/6/2024,,,,กระจกกลมใส,150,,1,ชุด,"1,120.00","1,120.00","1,046.73",73.27
12/6/2024,,,,กระจกกลมช่องแสงใส,205x42,,2,ชุด,350,700,654.21,45.79
12/6/2024,อู่ประเคียง,,,?,,,1,บาน,"1,300.00","1,300.00","1,214.95",85.05
12/6/2024,อู่ประเคียง,,,?,,,1,บาน,290,290,271.03,18.97
12/6/2024,อู่ประเคียง,,,?,,,1,บาน,170,170,158.88,11.12
12/6/2024,อู่ประเคียง,,,?,,,1,บาน,250,250,233.64,16.36
12/6/2024,อู่ประเคียง,,,?,,,1,บาน,500,500,467.29,32.71
14/6/2024,,,,100x150,,,1,บาน,"2,500.00","2,500.00","2,336.45",163.55
14/6/2024,,,,100x200,,,1,บาน,600,600,560.75,39.25
14/6/2024,,,,100x200,,,1,บาน,"1,500.00","1,500.00","1,401.87",98.13
14/6/2024,,,,107x270,,,1,ชุด,"10,000.00","10,000.00","9,345.79",654.21
14/6/2024,,,,150x180,,,1,บาน,"3,500.00","3,500.00","3,271.03",228.97
14/6/2024,,,,100 cm,,,3,บาน,"2,000.00","6,000.00","5,607.48",392.52
15/6/2024,,,,90x200,,,1,บาน,"2,300.00","2,300.00","2,149.53",150.47
15/6/2024,บ้านสีสวย,Dec-47,TOA,เงา,N6410,,1,กป,250,250,233.64,16.36
15/6/2024,บ้านสีสวย,Dec-47,TOA,เงา,W9142,,1,กล,990,990,925.23,64.77
17/6/2024,,,,สีย้อมไม้,9301,,1,กล,720,720,672.9,47.1
17/6/2024,,,SIKO,ทินเนอร์,,,1,ปิ๊ป,850,850,794.39,55.61
18/6/2024,โรงงานวงกบหมูรุ่งเรืองกิจ,36/16,,100x200,,,1,บาน,"2,000.00","2,000.00","1,869.16",130.84
18/6/2024,โรงงานวงกบหมูรุ่งเรืองกิจ,36/16,,100x200,,,1,บาน,"5,000.00","5,000.00","4,672.90",327.1
18/6/2024,โรงงานวงกบหมูรุ่งเรืองกิจ,36/16,,90x220,,,2,บาน,"2,500.00","5,000.00","4,672.90",327.1
18/6/2024,โรงงานวงกบหมูรุ่งเรืองกิจ,36/16,,90x220,,,2,บาน,"5,800.00","11,600.00","10,841.12",758.88
18/6/2024,,,,ประตูลูกฟัก9ช่องใส,200x100,,1,ชุด,400,400,373.83,26.17
18/6/2024,,,,หน้าต่าง+ช่องแสง,100x150,,1,ชุด,510,510,476.64,33.36
18/6/2024,,,,ประตูโค้งใส,200x100,,1,ชุด,720,720,672.9,47.1
22/6/2024,,,,120 cm,,,1,บาน,"2,300.00","2,300.00","2,149.53",150.47
22/6/2024,,,,100x200,,,1,บาน,600,600,560.75,39.25
22/6/2024,,,,200x180,,,1,บาน,"5,000.00","5,000.00","4,672.90",327.1
22/6/2024,,,SIKO,ทินเนอร์,,,1,ปิ๊ป,850,850,794.39,55.61
22/6/2024,,,BEGER,สี,,9301,1,กล,720,720,672.9,47.1
22/6/2024,,,,กระดาษทราย,,No.80,2,เมตร,90,180,168.22,11.78
22/6/2024,,,,อกระดาษทราย,,No.120,2,เมตร,90,180,168.22,11.78
24/6/2024,โรงงานวงกบหมูรุ่งเรืองกิจ,36/24,,80x200,,,1,บาน,"1,800.00","1,800.00","1,682.24",117.76
24/6/2024,โรงงานวงกบหมูรุ่งเรืองกิจ,36/24,,80x200 เสมอขอบ,,,1,บาน,"5,000.00","5,000.00","4,672.90",327.1
27/6/2024,,,,ประตุโค้งใส,200x100,,1,ชุด,720,720,672.9,47.1
27/6/2024,,,,ประตูกระจกครั่งบาน,200x90,,1,ชุด,400,400,373.83,26.17
27/6/2024,,,,แผงกระจกลูกฟัก,,,1,ชุด,800,800,747.66,52.34
27/6/2024,,,,ประตูกระจกใส,200x100,,1,ชุด,720,720,672.9,47.1
29/6/2024,,,,107x209,,,1,ชุด,"3,700.00","3,700.00","3,457.94",242.06
29/6/2024,,,,179x205,,,1,ชุด,"5,900.00","5,900.00","5,514.02",385.98
29/6/2024,,,,200x250,,,1,ชุด,"11,000.00","11,000.00","10,280.37",719.63
29/6/2024,,,,150x150,,,1,ชุด,"2,200.00","2,200.00","2,056.07",143.93
29/6/2024,,,BEGER,สี,93001,,1,กล,720,720,672.9,47.1
29/6/2024,,,SIKO,ทินเนอร์,,,1,ปิ๊ป,850,850,794.39,55.61
3/7/2024,,,,100x100,,,1,บาน,"2,500.00","2,500.00","2,336.45",163.55
4/7/2024,,,,80x200,,,1,บาน,"3,000.00","3,000.00","2,803.74",196.26
4/7/2024,,,,ไม้ซับวงกบ,,,1,ชุด,"1,800.00","1,800.00","1,682.24",117.76
4/7/2024,,,,100 cm,,,3,วง,"2,500.00","7,500.00","7,009.35",490.65
4/7/2024,,,,ที่วางของ,,,1,ชุด,300,300,280.37,19.63
6/7/2024,วิริยะประกันภัย,E027041,,ประกันรถ,,,1,เล่ม,967.28,967.28,904,63.28
9/7/2024,,,,ช่องแสง6ช่่อง+บานทุ้ง3บาน,150x200,,1,ชุด,"1,200.00","1,200.00","1,121.50",78.5
9/7/2024,,,,ประตูใส,206x100,,1,ชุด,240,240,224.3,15.7
9/7/2024,,,,ประตูใส,246x76,,2,ชุด,180,360,336.45,23.55
9/7/2024,,,,ประตูโค้งใส,200,,2,ชุด,350,700,654.21,45.79
9/7/2024,,,,ช่องแสง+บานฟัก,150x150,,1,ชุด,870,870,813.08,56.92
9/7/2024,,,,ประตู,200x80,,1,ชุด,200,200,186.92,13.08
9/7/2024,,,,กลม3ช่องใส,100,,3,ชุด,520,"1,560.00","1,457.94",102.06
9/7/2024,,,,กลมใส,100,,1,ชุด,520,520,485.98,34.02
9/7/2024,,,,100 cm,,,2,บาน,"2,500.00","5,000.00","4,672.90",327.1
9/7/2024,,,,มือจับ 80 cm,,,4,คู่,300,"1,200.00","1,121.50",78.5
10/7/2024,,,,150x180 cm,,,1,ชุด,"4,000.00","4,000.00","3,738.32",261.68
10/7/2024,,,,120 cm,,,1,บาน,"4,500.00","4,500.00","4,205.61",294.39
10/7/2024,,,,120 cm,,,1,บาน,"4,500.00","4,500.00","4,205.61",294.39
10/7/2024,,,,120x200 cm,,,1,ชุด,"4,000.00","4,000.00","3,738.32",261.68
11/4/2024,,,,100x200,,,1,บาน,600,600,560.75,39.25
11/4/2024,,,,30x80,,,4,บาน,500,"2,000.00","1,869.16",130.84
11/4/2024,,,,100 cm,,,10,บาน,"2,000.00","20,000.00","18,691.59","1,308.41"
11/4/2024,,,,150x150,,,1,บาน,"4,500.00","4,500.00","4,205.61",294.39
13/7/2024,,,,ตัวล็อก RMT สีชา,,,1,บาน,550,550,514.02,35.98
13/7/2024,,,,ค่าเจาะใส่กุญแจ,,,1,บาน,200,200,186.92,13.08
13/7/2024,,,,ซับวงกบ 90x200,,,1,ชุด,200,200,186.92,13.08
13/7/2024,,,,100x230,,,2,ชุด,"6,000.00","12,000.00","11,214.95",785.05
13/7/2024,,,,100x200,,,1,ชุด,"5,700.00","5,700.00","5,327.10",372.9
17/7/2024,,,,80x200,,,1,บาน,"2,500.00","2,500.00","2,336.45",163.55
17/7/2024,,,,"80x200 ขอบ 3""",,,1,บาน,"1,800.00","1,800.00","1,682.24",117.76
17/7/2024,,,,มือจับ 12 นิ้ว,,,4,คู่,100,400,373.83,26.17
17/7/2024,,,,80x200,,,2,บาน,600,"1,200.00","1,121.50",78.5
19/7/2024,,,,90x200,,,1,บาน,"2,000.00","2,000.00","1,869.16",130.84
19/7/2024,,,,90x200,,,1,บาน,600,600,560.75,39.25
19/7/2024,,,,15x150,,,2,บาน,500,"1,000.00",934.58,65.42
19/7/2024,,,,20x120,,,5,บาน,450,"2,250.00","2,102.80",147.2
19/7/2024,,,,150x150,,,2,บาน,"4,500.00","9,000.00","8,411.21",588.79
19/7/2024,,,,80x150,,,4,บาน,"2,000.00","8,000.00","7,476.64",523.36
22/7/2024,,,,120x200,,,1,ชุด,"4,700.00","4,700.00","4,392.52",307.48
22/7/2024,,,,100x200,,,1,บาน,"2,500.00","2,500.00","2,336.45",163.55
22/7/2024,,,,100x200,,,1,บาน,600,600,560.75,39.25
22/7/2024,,,,80x200,,,1,บาน,"2,300.00","2,300.00","2,149.53",150.47
26/7/2024,โรงงานวงกบหมูรุ่งเรืองกิจ,37/21,,90x200,,,1,บาน,"1,900.00","1,900.00","1,775.70",124.3
26/7/2024,โรงงานวงกบหมูรุ่งเรืองกิจ,37/21,,90x200,,,1,บาน,"3,500.00","3,500.00","3,271.03",228.97
26/7/2024,,,,90x200,,,8,บาน,600,"4,800.00","4,485.98",314.02
26/7/2024,,,,100 cm,,,2,บาน,"2,000.00","4,000.00","3,738.32",261.68
29/7/2024,,,,30x200,,,1,บาน,"2,500.00","2,500.00","2,336.45",163.55
29/7/2024,,,,80x200,,,1,บาน,"2,500.00","2,500.00","2,336.45",163.55
29/7/2024,,,,100x200,,,1,บาน,"3,700.00","3,700.00","3,457.94",242.06
29/7/2024,,,,120x200,,,1,ชุด,"4,000.00","4,000.00","3,738.32",261.68
29/7/2024,,,,80x200,,,1,บาน,600,600,560.75,39.25
29/7/2024,,,,90x200,,,1,บาน,"2,700.00","2,700.00","2,523.36",176.64
29/7/2024,,,,90x200,,,1,บาน,"2,800.00","2,800.00","2,616.82",183.18
29/7/2024,ห้างหุ่นสวนจำกัด เอ็นบีพี พาวเวอร์,464805,,น้ำมัน,,,1,ถัง,500,500,467.29,32.71
31/7/2024,โฮมโปร,205903,,โซฟาเบด2ที่นั่งสีน้ำตาล,,,1,อัน,"16,900.00","16,900.00","15,794.39","1,105.61"
31/7/2024,โฮมโปร,205903,,ตู้เสื้อผ้า2บานลายหินอ่อน,,,1,อัน,"6,590.00","6,590.00","6,158.88",431.12
1/8/2024,,,,มือจับ 80 cm,,,20,คู่,300,"6,000.00","5,607.48",392.52
1/8/2024,,,,100x200,,,1,วง,600,600,560.75,39.25
1/8/2024,,,,80x200,,,2,ชุด,"4,000.00","8,000.00","7,476.64",523.36
1/8/2024,,,,100x200,,,1,บาน,"6,000.00","6,000.00","5,607.48",392.52
1/8/2024,,,,60 cm,,,1,บาน,"2,000.00","2,000.00","1,869.16",130.84
1/8/2024,,,,180 cm,,,1,บาน,"6,500.00","6,500.00","6,074.77",425.23
1/8/2024,,,,กระจกช่องแสงใส,197x20,,1,ชุด,100,100,93.46,6.54
1/8/2024,,,,ประตูลูกฟัก4ช่อง,200x80,,1,ชุด,200,200,186.92,13.08
1/8/2024,,,,ประตูโค้ง,100x200,,1,ชุด,300,300,280.37,19.63
1/8/2024,,,,กระจกช่องแสง,120x20,,5,ชุด,80,400,373.83,26.17
1/8/2024,,,,กระจกช่องแสง,150x15,,2,บาน,70,140,130.84,9.16
1/8/2024,,,,ประตูโค้ง,,,1,บาน,400,400,373.83,26.17
1/8/2024,,,,กระจกกลม,,,2,บาน,520,"1,040.00",971.96,68.04
1/8/2024,,,,กระจกกลม,80,,1,บาน,260,260,242.99,17.01
1/8/2024,,,,หน้าต่างบานคู่,150x80,,4,บาน,240,960,897.2,62.8
1/8/2024,,,,หน้าต่างบานกระทุ้ง3บานมร6ช่องแสง,150x150,,2,บาน,800,"1,600.00","1,495.33",104.67
1/8/2024,,,,กระจกติดประตุบานสอง,,,1,แผ่น,720,720,672.9,47.1
7/8/2024,,,,มือจับ 30 cm,,,2,คู่,150,300,280.37,19.63
8/8/2024,,,,100x200,,,1,ชุด,"2,100.00","2,100.00","1,962.62",137.38
8/8/2024,,,,100x200,,,1,ชุด,"2,900.00","2,900.00","2,710.28",189.72
8/8/2024,,,,120x200,,,1,ชุด,"3,700.00","3,700.00","3,457.94",242.06
13/8/2024,,,,200x220,,,1,ชุด,"10,000.00","10,000.00","9,345.79",654.21
15/8/2024,,,,120x220,,,1,บาน,"4,500.00","4,500.00","4,205.61",294.39
15/8/2024,,,,120x200,,,1,ชุด,"4,500.00","4,500.00","4,205.61",294.39
15/8/2024,,,,100 cm,,,3,บาน,"2,000.00","6,000.00","5,607.48",392.52
15/8/2024,,,,120x220,,,1,บาน,700,700,654.21,45.79
16/8/2024,,,,70x200,,,1,ชุด,"3,500.00","3,500.00","3,271.03",228.97
16/8/2024,,,,160x200 (จก16ช่อง),,,1,ชุด,"7,000.00","7,000.00","6,542.06",457.94
16/8/2024,,,,60x120,,,1,บาน,800,800,747.66,52.34
17/8/2024,,,,97x220,,,1,บาน,"3,700.00","3,700.00","3,457.94",242.06
17/8/2024,,,,97x220,,,1,บาน,600,600,560.75,39.25
18/8/2024,,,,กระจกกลม3ช่อง,100,,1,ชุด,520,520,485.98,34.02
18/8/2024,,,,กระจกประตู,200x80,,1,ชุด,100,100,93.46,6.54
18/8/2024,,,,ประตูลูกฟักโค้ง,200x80,,2,ชุด,280,560,523.36,36.64
18/8/2024,,,,กระจกกลม3ช่อง,100,,1,ชุด,520,520,485.98,34.02
18/8/2024,,,,กระจกประตูโค้งเล็ก,200x100,,1,ชุด,160,160,149.53,10.47
18/8/2024,,,,กระจกช่องแสง,200x30,,1,ชุด,120,120,112.15,7.85
18/8/2024,,,,ประตูโค้ง,200x80,,1,ชุด,480,480,448.6,31.4
18/8/2024,,,,กระจกกลม,100,,1,ชุด,520,520,485.98,34.02
18/8/2024,,,,กระจกช่องแสง,200x80,,2,ชุด,140,280,261.68,18.32
18/8/2024,,,,กระจกประตุ,200x80,,1,ชุด,600,600,560.75,39.25
18/8/2024,,,,กระจกกลม,100,,1,ชุด,520,520,485.98,34.02
20/8/2024,,,,80x200,,,1,บาน,"2,000.00","2,000.00","1,869.16",130.84
20/8/2024,,,,90x200,,,1,บาน,"2,000.00","2,000.00","1,869.16",130.84
20/8/2024,,,,100 cm,,,5,บาน,"4,000.00","20,000.00","18,691.59","1,308.41"
20/8/2024,,,,100 cm,,,5,บาน,"4,000.00","20,000.00","18,691.59","1,308.41"
20/8/2024,,,,"90x200,80x200",,,2,บาน,600,"1,200.00","1,121.50",78.5
22/8/2024,,,SIKO,ทินเนอร์,,,1,ปิ๊ป,850,850,794.39,55.61
24/8/2024,โรงแปรรูปไม้สมโชค,,,80x200,,,2,บาน,"2,000.00","4,000.00","3,738.32",261.68
24/8/2024,โรงแปรรูปไม้สมโชค,,,80x200,,,2,บาน,600,"1,200.00","1,121.50",78.5
24/8/2024,โรงแปรรูปไม้สมโชค,,,100x200,,,1,บาน,"3,500.00","3,500.00","3,271.03",228.97
24/8/2024,โรงแปรรูปไม้สมโชค,,,100x200,,,1,บาน,600,600,560.75,39.25
24/8/2024,Seller,7.45786E+14,,ปั๊มลมไร้น้ำมัน,,,1,อัน,"8,525.00","8,525.00","7,967.29",557.71
26/8/2024,,,SIKO,ทินเนอร์,,,1,ปิ๊ป,850,850,794.39,55.61
27/8/2024,,,,หน้าต่าง6ช่องแสงใส,60x120,,1,ชุด,200,200,186.92,13.08
27/8/2024,,,,ประตูลุกฟัก6ช่องใส,,,2,ชุด,540,"1,080.00","1,009.35",70.65
27/8/2024,,,,กลม3ช่อง,120,,1,ชุด,600,600,560.75,39.25
27/8/2024,,,,ประตูโค้งเล็ก,220x120,,1,ชุด,200,200,186.92,13.08
27/8/2024,,,,ประตูแปาะลูกฟัก,20,,1,ชุด,240,240,224.3,15.7
27/8/2024,,,,หน้าต่าง+บานกระทุ้ง,213x70,,1,ชุด,380,380,355.14,24.86
27/8/2024,,,,ประตูลุกฟัก6ช่องใส,200x80,,1,ชุด,320,320,299.07,20.93
27/8/2024,,,,กลมใส,100,,2,ชุด,520,"1,040.00",971.96,68.04
27/8/2024,,,,ประตูลูกฟัก,200x80,,1,ชุด,240,240,224.3,15.7
27/8/2024,,,,ประตูลูกฟัก4ช่องใส,200x90,,1,ชุด,240,240,224.3,15.7
27/8/2024,,,,กลม3ช่อง,100,,1,ชุด,520,520,485.98,34.02
27/8/2024,,,,ช่องทีแตก,200x201,,1,ชุด,120,120,112.15,7.85
27/8/2024,,,,กลม3ช่อง,,,1,ชุด,280,280,261.68,18.32
29/8/2024,โรงแปรรูปไม้สมโชค,,,100 cm,,,5,บาน,"2,000.00","10,000.00","9,345.79",654.21
29/8/2024,โรงแปรรูปไม้สมโชค,,,150 cm,,,1,บาน,"5,500.00","5,500.00","5,140.19",359.81
29/8/2024,โรงแปรรูปไม้สมโชค,,,80x200,,,1,ชุด,"4,000.00","4,000.00","3,738.32",261.68
29/8/2024,โรงแปรรูปไม้สมโชค,,,100x220,,,1,บาน,"2,400.00","2,400.00","2,242.99",157.01
29/8/2024,โรงแปรรูปไม้สมโชค,,,100x220,,,1,บาน,600,600,560.75,39.25
3/9/2024,บ้านสีสวย,53/24,TOA,สีร่องพื้น,,,2,กล,590,"1,180.00","1,102.80",77.2
26/9/2024,หจก.นครไทยสิลป์,ORVM6709000060,TOA,,,N6053,1,กป,250,250,233.64,16.36
26/9/2024,หจก.นครไทยสิลป์,ORVM6709000060,TOA,,D,BA4235,2,กป,380,760,710.28,49.72
26/9/2024,หจก.นครไทยสิลป์,ORVM6709000060,TOA,,B,N6063,1,กป,230,230,214.95,15.05
2/9/2024,,,,100x200,,,1,บาน,600,600,560.75,39.25
2/9/2024,,,,80x200,,,1,บาน,"2,500.00","2,500.00","2,336.45",163.55
2/9/2024,,,,80x200,,,1,บาน,600,600,560.75,39.25
3/9/2024,,,,80x200,,,1,บาน,"2,000.00","2,000.00","1,869.16",130.84
3/9/2024,,,,89x198,,,1,บาน,"2,300.00","2,300.00","2,149.53",150.47
7/9/2024,,,,120x150,,,1,ชุด,"6,500.00","6,500.00","6,074.77",425.23
7/9/2024,,,,99.5x242,,,1,ชุด,"6,400.00","6,400.00","5,981.31",418.69
7/9/2024,,,,87x242,,,1,ชุด,"4,500.00","4,500.00","4,205.61",294.39
7/9/2024,,,,76.5x242,,,1,ชุด,"4,700.00","4,700.00","4,392.52",307.48
7/9/2024,,,,เจาะรุลุกบิด,,,1,ชุด,50,50,46.73,3.27
7/9/2024,,,SIKO,ทินเนอร์,,,1,ปิ๊ป,850,850,794.39,55.61
7/9/2024,,,,กระดาษทราย,,80,2,เมตร,100,200,186.92,13.08
7/9/2024,,,,กระดาษทราย,,120,2,เมตร,100,200,186.92,13.08
9/9/2024,,,,100x200,,,1,บาน,"2,300.00","2,300.00","2,149.53",150.47
9/9/2024,,,,89x89,,,1,บาน,"2,000.00","2,000.00","1,869.16",130.84
9/9/2024,,,,10 cm,,,4,บาน,"1,000.00","4,000.00","3,738.32",261.68
11/9/2024,,,,80x200,,,1,บาน,600,600,560.75,39.25
11/9/2024,,,,80x200,,,1,บาน,"2,500.00","2,500.00","2,336.45",163.55
11/9/2024,,,,90x205,,,1,บาน,"2,300.00","2,300.00","2,149.53",150.47
11/9/2024,,,,77x204,,,1,ชุด,"3,700.00","3,700.00","3,457.94",242.06
11/9/2024,,,,100x200,,,1,บาน,"6,000.00","6,000.00","5,607.48",392.52
11/9/2024,,,,130x90,,,1,บาน,"4,500.00","4,500.00","4,205.61",294.39
12/9/2024,โรงงานวงกบหมูรุ่งเรืองกิจ,38/30,,160x200,,,1,บาน,"3,200.00","3,200.00","2,990.65",209.35
12/9/2024,โรงงานวงกบหมูรุ่งเรืองกิจ,38/30,,80x200,,,2,บาน,"3,800.00","7,600.00","7,102.80",497.2
12/9/2024,โรงงานวงกบหมูรุ่งเรืองกิจ,38/30,,90x200,,,1,บาน,"1,900.00","1,900.00","1,775.70",124.3
12/9/2024,โรงงานวงกบหมูรุ่งเรืองกิจ,38/30,,90x200,,,1,บาน,"3,500.00","3,500.00","3,271.03",228.97
12/9/2024,บ้านสีสวย,17/32,,เงา,,8484,1,กล,890,890,831.78,58.22
13/9/2024,,,,สีย้อมไม้,,,1,กล,320,320,299.07,20.93
16/9/2024,,,,ประตูโค้งลูกฟัก8ช่อง,,,2,ชุด,400,800,747.66,52.34
16/9/2024,,,,กระจกกลม 3ช่อง,150,,1,ชุด,900,900,841.12,58.88
16/9/2024,,,,ประตูโค้งลูกฟัก6ช่อง,,,1,ชุด,320,320,299.07,20.93
16/9/2024,,,,ประตูโค้ง,200x100,,1,ชุด,400,400,373.83,26.17
16/9/2024,,,,ประตูโค้ง,200x80,,1,ชุด,320,320,299.07,20.93
16/9/2024,,,,กระจกกลม,40,,4,ชุด,90,360,336.45,23.55
16/9/2024,,,,กระจกกลม,100,,1,ชุด,520,520,485.98,34.02
16/9/2024,,,,กระจกประตู,80x200,,2,ชุด,180,360,336.45,23.55
16/9/2024,,,,ประตูโค้ง,200x90,,1,ชุด,400,400,373.83,26.17
16/9/2024,,,,กระจกกลม,140,,1,ชุด,960,960,897.2,62.8
16/9/2024,Seller,9.16812E+15,,แป้นรองเครื่องขัดกระดาษทรายสี่เหลี่ยม,,,1,อัน,495,495,462.62,32.38
17/9/2024,หจก.ไทยดีค้าวัสดุก่อสร้าง,OL16709170037,,แป้นรองเครื่องขัดกระดาษทรายสี่เหลี่ยม,,,1,อัน,450,450,420.56,29.44
17/9/2024,,,,MBA13.6 MDN,,,1,อัน,"33,925.23","33,925.23","31,705.82","2,219.41"
17/9/2024,,,,"AIRPODS PRO,GKN",,,1,อัน,"8,401.87","8,401.87","7,852.21",549.66
19/9/2024,โรงงานวงกบหมูรุ่งเรืองกิจ,39/3,,80x200,,,1,บาน,"1,800.00","1,800.00","1,682.24",117.76
19/9/2024,โรงงานวงกบหมูรุ่งเรืองกิจ,39/3,,80x200,,,1,บาน,"3,600.00","3,600.00","3,364.49",235.51
19/9/2024,นครไทยศิลป์,OSVS6709000362,TOA,เงา,A,NS2009-1,3,กป,250,750,700.93,49.07
19/9/2024,กรมการขนส่วทางบก,,,ภาษี,,,1,คัน,927,927,866.36,60.64
20/9/2024,หจก.นครไทยศิลป์,ORVM67090000039,TOA,ด้าน,D,,1,กป,230,230,214.95,15.05
20/9/2024,หจก.นครไทยศิลป์,ORVM67090000039,TOA,เงา,A,N6108,2,กป,250,500,467.29,32.71
20/9/2024,หจก.นครไทยศิลป์,ORVM67090000039,SIKO,ทินเนอร์,,3603S,1,ปิ๊ป,890,890,831.78,58.22
20/9/2024,หจก.นครไทยศิลป์,ORVM67090000039,TOA,กระดาษทรายขัดแห้ง,,NO.800,18,แผ่น,15,270,252.34,17.66
21/9/2024,โรงแปรรูปไม้สมโชค,,,60x97,,,1,บาน,550,550,514.02,35.98
21/9/2024,โรงแปรรูปไม้สมโชค,,,70x196,,,1,บาน,"2,300.00","2,300.00","2,149.53",150.47
21/9/2024,โรงแปรรูปไม้สมโชค,,,"80x199,80x198",,,2,บาน,"2,200.00","4,400.00","4,112.15",287.85
21/9/2024,โรงแปรรูปไม้สมโชค,,,99.5x242,,,1,ชุด,"6,400.00","6,400.00","5,981.31",418.69
21/9/2024,โรงแปรรูปไม้สมโชค,,,100x200,,,1,บาน,600,600,560.75,39.25
21/9/2024,โรงแปรรูปไม้สมโชค,,,60x97,,,1,บาน,400,400,373.83,26.17
21/9/2024,โรงแปรรูปไม้สมโชค,,,70x196,,,1,บาน,600,600,560.75,39.25
21/9/2024,โรงแปรรูปไม้สมโชค,,,80x200,,,2,บาน,600,"1,200.00","1,121.50",78.5
23/9/2024,โรงงานวงกบหมูรุ่งเรืองกิจ,39/10,,80x200,,,1,บาน,"1,800.00","1,800.00","1,682.24",117.76
23/9/2024,โรงงานวงกบหมูรุ่งเรืองกิจ,39/10,,80x200,,,1,บาน,"3,600.00","3,600.00","3,364.49",235.51
23/9/2024,โรงแปรรูปไม้สมโชค,,,130x200,,,1,ชุด,"5,800.00","5,800.00","5,420.56",379.44
23/9/2024,โรงแปรรูปไม้สมโชค,,,90x200,,,2,บาน,"3,000.00","6,000.00","5,607.48",392.52
23/9/2024,โรงแปรรูปไม้สมโชค,,,90x200,,,2,บาน,600,"1,200.00","1,121.50",78.5
23/9/2024,หจก.นครไทยศิลป์,ORVM6709000044,TOA,เงา,A,7362,3,กป,250,750,700.93,49.07
23/9/2024,หจก.นครไทยศิลป์,ORVM6709000044,TOA,เงา,D,N6068,1,กป,260,260,242.99,17.01
23/9/2024,หจก.นครไทยศิลป์,ORVM6709000044,TOA,เงา,A,N6108,2,กป,250,500,467.29,32.71
23/9/2024,หจก.นครไทยศิลป์,ORVM6709000044,TOA,ด้าน,A,W9144,1,กล,900,900,841.12,58.88
23/9/2024,หจก.นครไทยศิลป์,ORVM6709000044,TOA,เงา,A,R2021,1,กล,"1,000.00","1,000.00",934.58,65.42
25/9/2024,โรงแปรรูปไม้สมโชค,,,200x230,,,1,ชุด,"7,500.00","7,500.00","7,009.35",490.65
25/9/2024,หจก.นครไทยศิลป์,ORVM6709000054,TOA,เงา,D,B4235,1,กป,380,380,355.14,24.86
25/9/2024,หจก.นครไทยศิลป์,ORVM6709000054,TOA,เงา,D,Y0031,1,กป,460,460,429.91,30.09
25/9/2024,หจก.นครไทยศิลป์,ORVM6709000054,TOA,เงา,D,R2067,1,กป,380,380,355.14,24.86
25/9/2024,หจก.นครไทยศิลป์,ORVM6709000054,TOA,ด้าน,A,7362,1,กป,250,250,233.64,16.36
25/9/2024,หจก.นครไทยศิลป์,ORVM6709000054,TOA,ด้าน,A,NS2021-5,2,กป,270,540,504.67,35.33
25/9/2024,หจก.นครไทยศิลป์,ORVM6709000054,TOA,เงา,,NS2061-6,1,กล,950,950,887.85,62.15
25/9/2024,หจก.นครไทยศิลป์,ORVM6709000054,TOA,เงา,D,NS2022-1,2,กป,390,780,728.97,51.03
25/9/2024,,,SIKO,ทินเนอร์,,,1,ปิ๊ป,850,850,794.39,55.61
26/9/2024,โรงแปรรูปไม้สมโชค,,,180x200,,,1,ชุด,"6,000.00","6,000.00","5,607.48",392.52
26/9/2024,,,SIKO,ทินเนอร์,,,1,ปิ๊ป,850,850,794.39,55.61
27/9/2024,หจก.นครไทยศิลป์,ORVM6709000064,TOA,เงา,,G5132,1,กป,250,250,233.64,16.36
27/9/2024,หจก.นครไทยศิลป์,ORVM6709000063,TOA,เงา,D,Y0031,1,กป,460,460,429.91,30.09
27/9/2024,หจก.นครไทยศิลป์,ORVM6709000063,TOA,เงา,D,R2067,1,กป,380,380,355.14,24.86
28/9/2024,,,SIKO,ทินเนอร์,,,1,ปิ๊ป,850,850,794.39,55.61
29/9/2024,หจก.นครไทยศิลป์,ORVM6709000073,,ทินเนอร์,,3A,1,ปิ๊ป,950,950,887.85,62.15
30/9/2024,โรงแปรรูปไม้สมโชค,,,80X200,,,1,ชุด,"6,500.00","6,500.00","6,074.77",425.23
30/9/2024,โรงแปรรูปไม้สมโชค,,,110X150,,,2,ชุด,"10,000.00","20,000.00","18,691.59","1,308.41"
30/9/2024,โรงแปรรูปไม้สมโชค,,,100X200,,,1,ชุด,"3,300.00","3,300.00","3,084.11",215.89
30/9/2024,,,,กระจกกลม3ช่อง,120,,1,ชุด,720,720,672.9,47.1
30/9/2024,,,,ประตูโค้ง,200x90,,1,ชุด,400,400,373.83,26.17
30/9/2024,,,,ประตูลูกฟักโค้ง8ช่อง,,,2,ชุด,"1,040.00","2,080.00","1,943.93",136.07
30/9/2024,,,,กระกจช่องแสง,110x120,,1,ชุด,560,560,523.36,36.64
30/9/2024,,,,ช่องแสง3ช่อง+บานทุ้ง,130x18,,1,ชุด,780,780,728.97,51.03
30/9/2024,,,,ช่องแสงใส,45x45,,2,ชุด,280,560,523.36,36.64
30/9/2024,,,,ประตูโค้งใน,200x90,,2,ชุด,160,320,299.07,20.93
30/9/2024,,,,ประตูลูกฟัก6ช่อง,200x80,,2,ชุด,270,540,504.67,35.33
30/9/2024,,,,"2""x1.8 มม ชุบ",,,7,ส,550,"3,850.00","3,598.13",251.87
30/9/2024,,,,"1""x2x1.8 มม ชูบ",,,15,ส,420,"6,300.00","5,887.85",412.15
30/9/2024,หจก.นครไทยศิลป์,ORVM6709000074,SIKO,ทินเนอร์,,3603S,1,กล,890,890,831.78,58.22
30/9/2024,หจก.นครไทยศิลป์,ORVM6709000074,TOA,ด้าน,A,,1,กล,930,930,869.16,60.84
3/10/2024,,,SIKO,ทินเนอร์,,,2,ปิ๊ป,850,"1,700.00","1,588.79",111.21
4/10/2024,โรงแปรรูปไม้สมโชค,,,90x200,,,1,บาน,"2,700.00","2,700.00","2,523.36",176.64
4/10/2024,โรงแปรรูปไม้สมโชค,,,80x200,,,2,บาน,"2,500.00","5,000.00","4,672.90",327.1
4/10/2024,โรงแปรรูปไม้สมโชค,,,90x200,,,1,บาน,600,600,560.75,39.25
4/10/2024,โรงแปรรูปไม้สมโชค,,,80x200,,,2,บาน,600,"1,200.00","1,121.50",78.5
5/10/2024,,,TOA,ดำ,,,1,กล,350,350,327.1,22.9
7/10/2024,หจก.นครไทยศิลป์,ORVM6710000011,TOA,เงา,,N6053,1,กป,250,250,233.64,16.36
7/10/2024,หจก.นครไทยศิลป์,ORVM6710000011,TOA,เงา,B,G5116,1,กป,330,330,308.41,21.59
7/10/2024,หจก.นครไทยศิลป์,ORVM6710000011,TOA,เงา,B,N6278,1,กป,250,250,233.64,16.36
7/10/2024,หจก.นครไทยศิลป์,ORVM6710000011,TOA,เงา,D,Y0110,1,กล,"1,050.00","1,050.00",981.31,68.69
7/10/2024,หจก.นครไทยศิลป์,ORVM6710000011,TOA,ด้าน,D,NS2028-1,1,กล,930,930,869.16,60.84
7/10/2024,หจก.นครไทยศิลป์,ORVM6710000011,TOA,ด้าน,A,N6108,1,กป,250,250,233.64,16.36
8/10/2024,หจก.นครไทยศิลป์,ORVM6710000014,TOA,ด้าน,A,8460,1,กป,270,270,252.34,17.66
8/10/2024,หจก.นครไทยศิลป์,ORVM6710000014,SIKO,ทินเนอร์,,3A,1,ปิ๊ป,890,890,831.78,58.22
8/10/2024,โรงแปรรูปไม้สมโชค,,,100x200,,,1,ชุด,"3,900.00","3,900.00","3,644.86",255.14
8/10/2024,โรงแปรรูปไม้สมโชค,,,100x200,,,1,บาน,600,600,560.75,39.25
26/10/2024,,CCN671026-0004,,"ไม้เชิงชาย8""x4เมตร",,,4,แผ่น,300,"1,200.00","1,121.50",78.5
11/10/2024,,,,เสา5x4,,,4,ต้น,640,"2,560.00","2,392.52",167.48
11/10/2024,,,,อิจคาน,,,60,ก้อน,15,900,841.12,58.88
11/10/2024,,,,ปูนเสือ,,,5,สอบ,160,800,747.66,52.34
11/10/2024,,,,หิน,,,5,สอบ,70,350,327.1,22.9
11/10/2024,,,,"ตะปู3""",,,3,โล,50,150,140.19,9.81
11/10/2024,,,,ตะปู2.2,,,1,โล,25,25,23.36,1.64
11/10/2024,หจก.นครไทยศิลป์,ORVM6710000020,TOA,ด้าน,A,Y0053,1,กป,260,260,242.99,17.01
12/10/2024,,,,ประตูโค้งใส,230x100,,2,ชุด,600,"1,200.00","1,121.50",78.5
12/10/2024,,,,กระจกดลม3ช่อง,80,,1,ชุด,400,400,373.83,26.17
12/10/2024,,,,บานหน้าต่างใส,200x54,,2,ชุด,340,680,635.51,44.49
12/10/2024,,,,ประตูลูกฟัก6ช่องใส,200x80,,1,ชุด,320,320,299.07,20.93
12/10/2024,,,,หน้าต่างชุด4บาน,110x150,,2,ชุด,420,840,785.05,54.95
12/10/2024,,,,กระจกกลมใส,100,,1,ชุด,520,520,485.98,34.02
12/10/2024,,,,ประตูมีช่องแสงเล้ก,200x80,,1,ชุด,160,160,149.53,10.47
12/10/2024,,,,ช่องแสงโค้ง+หน้าต่าง,150x120,,1,ชุด,620,620,579.44,40.56
12/10/2024,,,,ประตูโค้งใส,200x80,,1,ชุด,420,420,392.52,27.48
14/10/2024,โรงงานวงกบหมูรุ่งเรืองกิจ,40/3,,100x200,,,1,บาน,"2,000.00","2,000.00","1,869.16",130.84
14/10/2024,โรงงานวงกบหมูรุ่งเรืองกิจ,40/3,,100x200,,,1,บาน,"3,800.00","3,800.00","3,551.40",248.6
14/10/2024,โรงแปรรูปไม้สมโชค,,,เจาะใส่ตัวล็อก,,,2,ชุด,100,200,186.92,13.08
14/10/2024,โรงแปรรูปไม้สมโชค,,,ติดคิวเพิ่ม,,,2,บาน,125,250,233.64,16.36
14/10/2024,โรงแปรรูปไม้สมโชค,,,ชุดบานเลือน,,,1,ชุด,"3,000.00","3,000.00","2,803.74",196.26
14/10/2024,โรงแปรรูปไม้สมโชค,,,ซับวงกบ,,,1,ชุด,200,200,186.92,13.08
14/10/2024,โรงแปรรูปไม้สมโชค,,,ซับฉากวงกบ,,,1,ชุด,500,500,467.29,32.71
14/10/2024,,,SIKO,ทินเนอร์,,,1,ปิ๊ป,850,850,794.39,55.61
17/10/2024,,,SIKO,ทินเนอร์,,,1,ปิ๊ป,850,850,794.39,55.61
17/10/2024,หจก.นครไทยศิลป์,ORVM6710000034,TOA,ด้าน,NS2028-1,,1,กล,930,930,869.16,60.84
17/10/2024,หจก.นครไทยศิลป์,ORVM6710000034,TOA,พีพ่นรองพื้น,,,1,กล,790,790,738.32,51.68
17/10/2024,หจก.นครไทยศิลป์,ORVM6710000034,TOA,เงา,B4215,,1,กป,250,250,233.64,16.36
17/10/2024,หจก.นครไทยศิลป์,ORVM6710000034,TOA,เงา,G5158,,1,กป,300,300,280.37,19.63
17/10/2024,หจก.นครไทยศิลป์,ORVM6710000034,SIKO,ทินเนอร์อะครีลิค,3603S,,1,ปิ๊ป,890,890,831.78,58.22
18/10/2024,โรงแปรรูปไม้สมโชค,,,150x224,,,1,บาน,"4,200.00","4,200.00","3,925.23",274.77
18/10/2024,โรงแปรรูปไม้สมโชค,,,80x198,,,1,บาน,"2,200.00","2,200.00","2,056.07",143.93
18/10/2024,โรงแปรรูปไม้สมโชค,,,79.5x209,,,1,บาน,"2,300.00","2,300.00","2,149.53",150.47
18/10/2024,โรงแปรรูปไม้สมโชค,,,77x200,,,1,บาน,"3,000.00","3,000.00","2,803.74",196.26
18/10/2024,โรงแปรรูปไม้สมโชค,,,93x223,,,1,บาน,"5,000.00","5,000.00","4,672.90",327.1
18/10/2024,โรงแปรรูปไม้สมโชค,,,80x200,,,1,บาน,"2,600.00","2,600.00","2,429.91",170.09
18/10/2024,โรงแปรรูปไม้สมโชค,,,107x290,,,1,บาน,"4,400.00","4,400.00","4,112.15",287.85
18/10/2024,อู่ประเคียง,,,?,,,1,อัน,"1,350.00","1,350.00","1,261.68",88.32
18/10/2024,อู่ประเคียง,,,?,,,1,อัน,950,950,887.85,62.15
18/10/2024,อู่ประเคียง,,,?,,,1,อัน,170,170,158.88,11.12
18/10/2024,อู่ประเคียง,,,?,,,1,อัน,250,250,233.64,16.36
18/10/2024,อู่ประเคียง,,,ค่าบริการ,,,1,อัน,800,800,747.66,52.34
18/10/2024,หจก.นครไทยศิลป์,OSVS6710000387,TOA,เงา,B,G5116,1,กป,330,330,308.41,21.59
18/10/2024,หจก.นครไทยศิลป์,OSVS6710000387,TOA,เงา,D,G5163,1,กป,320,320,299.07,20.93
18/10/2024,หจก.นครไทยศิลป์,OSVS6710000387,TOA,เงา,B,N6276,1,กป,250,250,233.64,16.36
18/10/2024,หจก.นครไทยศิลป์,OSVS6710000387,TOA,ด้าน,A,NS2028-1,1,กล,930,930,869.16,60.84
18/10/2024,หจก.นครไทยศิลป์,OSVS6710000387,SIKO,ทินเนอร์,,3603S,1,ปิ๊ป,890,890,831.78,58.22
18/10/2024,หจก.นครไทยศิลป์,ORVM6710000036,TOA,เงา,B,G5116,1,กป,330,330,308.41,21.59
18/10/2024,หจก.นครไทยศิลป์,ORVM6710000036,TOA,เงา,D,G5163,1,กป,320,320,299.07,20.93
18/10/2024,หจก.นครไทยศิลป์,ORVM6710000036,TOA,เงา,B,N6276,1,กป,250,250,233.64,16.36
18/10/2024,หจก.นครไทยศิลป์,ORVM6710000036,TOA,ด้าน,A,NS2028-1,1,กล,930,930,869.16,60.84
18/10/2024,หจก.นครไทยศิลป์,ORVM6710000036,SIKO,ทินเนอร์,,3603S,1,ปิ๊ป,890,890,831.78,58.22
19/10/2024,โรงแปรรูปไม้สมโชค,,,90x200,,,4,บาน,600,"2,400.00","2,242.99",157.01
21/10/2024,หจก.นครไทยศิลป์,ORVM6710000040,TOA,ด้าน,D,B4235,1,กป,380,380,355.14,24.86
21/10/2024,หจก.นครไทยศิลป์,ORVM6710000040,TOA,ด้าน,D,R2067,1,กป,370,370,345.79,24.21
21/10/2024,หจก.นครไทยศิลป์,ORVM6710000040,TOA,ด้าน,D,Y0031,1,กป,450,450,420.56,29.44
21/10/2024,หจก.นครไทยศิลป์,ORVM6710000040,TOA,ด้าน,B,O1010,1,กป,250,250,233.64,16.36
21/10/2024,,,SIKO,ทินเนอร์,,,1,ปิ๊ป,850,850,794.39,55.61
21/10/2024,,,BEGER,สี,,,1,กล,150,150,140.19,9.81
22/10/2024,,,SIKO,ทินเนอร์,,,1,ปิ๊ป,850,850,794.39,55.61
22/10/2024,,,,กระดาษทราย,,,5,แผ่น,30,150,140.19,9.81
23/10/2024,โรงงานวงกบหมูรุ่งเรืองกิจ,40/6,,100x200,,,1,บาน,"2,000.00","2,000.00","1,869.16",130.84
23/10/2024,โรงงานวงกบหมูรุ่งเรืองกิจ,40/6,,ฟัก3ลูกจก4ช่อง100x200,,,1,บาน,"3,800.00","3,800.00","3,551.40",248.6
23/10/2024,N.S,128/29,,สีย้อมไม้,,CW-99,1,กล,850,850,794.39,55.61
23/10/2024,หจก.นครไทยศิลป์,ORVM6710000046,TOA,เงา,A,B4215,1,กป,250,250,233.64,16.36
23/10/2024,หจก.นครไทยศิลป์,ORVM6710000046,TOA,สีพ่นรองพื้น,,,1,กล,790,790,738.32,51.68
23/10/2024,หจก.นครไทยศิลป์,ORVM6710000046,SIKO,ทินเนอร์,,3A,1,ปิ๊ป,890,890,831.78,58.22
25/10/2024,บริษัท เม้งฮวดนครศรีๆ จำกัด,IN671024-0073,,ตะขอ กระเบื่องแปะไม้,,,4,ชิ้น,186,744,695.33,48.67
24/10/2024,บริษัท เม้งฮวดนครศรีๆ จำกัด,IN671024-0045,,4ฟุต สีเทาศิลา,,,60,แผ่น,65,"3,900.00","3,644.86",255.14
24/10/2024,บริษัท เม้งฮวดนครศรีๆ จำกัด,IN671024-0045,,5ฟุต สีเทาศิลา,,,33,แผ่น,85,"2,805.00","2,621.50",183.5
24/10/2024,บริษัท เม้งฮวดนครศรีๆ จำกัด,IN671024-0045,,ครอบสันโค้ง สีเทาศิลา,,,20,แผ่น,88,"1,760.00","1,644.86",115.14
24/10/2024,บริษัท เม้งฮวดนครศรีๆ จำกัด,IN671024-0045,,รางน้ำตะเข้2เมตร,,,3,ชิ้น,420,"1,260.00","1,177.57",82.43
24/10/2024,บริษัท เม้งฮวดนครศรีๆ จำกัด,IN671024-0045,,ไม้เชิงชาย8'x4,,,4,แผ่น,300,"1,200.00","1,121.50",78.5
25/10/2024,หจก.นครไทยศิลป์,ORVM6710000053,TOA,เงา,B,NS1835-5,1,กล,830,830,775.7,54.3
25/10/2024,หจก.นครไทยศิลป์,ORVM6710000053,SIKO,ทินเนอร์,,3A,1,ปิ๊ป,890,890,831.78,58.22
26/10/2024,โรงแปรรูปไม้สมโชค,,,90x190,,,1,บาน,"3,000.00","3,000.00","2,803.74",196.26
26/10/2024,โรงแปรรูปไม้สมโชค,,,86x185,,,1,บาน,"3,100.00","3,100.00","2,897.20",202.8
26/10/2024,โรงแปรรูปไม้สมโชค,,,87x186,,,1,บาน,"3,100.00","3,100.00","2,897.20",202.8
26/10/2024,โรงแปรรูปไม้สมโชค,,,150x100,,,1,บาน,"2,000.00","2,000.00","1,869.16",130.84
26/10/2024,บริษัท เม้งฮวดนครศรีๆ จำกัด,IN671026-0071,,4ฟุต สีเทาศิลา,,,10,แผ่น,65,650,607.48,42.52
26/10/2024,บริษัท เม้งฮวดนครศรีๆ จำกัด,IN671026-0071,,สกรูแปดเหลี่ยมปลายสว่าน,,,20,ชิ้น,4,80,74.77,5.23
26/10/2024,บริษัท เม้งฮวดนครศรีๆ จำกัด,IN671026-0071,,"ไม้เชิงชาย8""x3เมตร",,,6,แผ่น,300,"1,800.00","1,682.24",117.76
27/10/2024,,,,"สายพรอม P-15,",,,1,ชิ้น,490,490,457.94,32.06
27/10/2024,,,,คิวเตอร์,,,1,ชิ้น,20,20,18.69,1.31
27/10/2024,,,,318,,,15,ชิ้น,3,45,42.06,2.94
27/10/2024,,,,318,,,3,ชิ้น,38,114,106.54,7.46
27/10/2024,,,,P,,,1,ชิ้น,120,120,112.15,7.85
27/10/2024,,,,P,,,1,ชิ้น,98,98,91.59,6.41
27/10/2024,,,,S,,,1,ชิ้น,29,29,27.1,1.9
27/10/2024,,,,?,,,2,ชิ้น,25,50,46.73,3.27
27/10/2024,,,,?,,,2,ชิ้น,20,40,37.38,2.62
27/10/2024,,,,?,,,1,ชิ้น,75,75,70.09,4.91
28/10/2024,โรงแปรรูปไม้สมโชค,,,80x120,,,1,ชุด,"2,900.00","2,900.00","2,710.28",189.72
28/10/2024,โรงแปรรูปไม้สมโชค,,,150x100,,,2,บาน,"2,000.00","4,000.00","3,738.32",261.68
28/10/2024,โรงแปรรูปไม้สมโชค,,,150x100,,,1,บาน,"1,200.00","1,200.00","1,121.50",78.5
28/10/2024,,,,หัวจุ่ม,,,2,ชิ้น,20,40,37.38,2.62
28/10/2024,,,,ประตูช่องแสง,200x100,,1,ชุด,160,160,149.53,10.47
28/10/2024,,,,กระจกกลมใส,100,,1,ชุด,520,520,485.98,34.02
28/10/2024,,,,ประตูโค้งใส,200x100,,1,ชุด,720,720,672.9,47.1
28/10/2024,,,,ประตูโค้งใส,200x80,,2,ชุด,320,640,598.13,41.87
28/10/2024,,,,ประตูลูกฟัก6ช่อง,200x100,,1,ชุด,400,400,373.83,26.17
28/10/2024,,,,ประตูโค้งใส,210x80,,1,ชุด,400,400,373.83,26.17
28/10/2024,,,,ประตูโค้งใส,195x80,,1,ชุด,320,320,299.07,20.93
28/10/2024,,,,ประตูโค้งใส,197x90,,1,ชุด,320,320,299.07,20.93
28/10/2024,,,,ประตูลูกฟัก6ช่อง,200x80,,1,ชุด,320,320,299.07,20.93
28/10/2024,,,,หลอดไฟ40 w,,,2,อัน,195,390,364.49,25.51
28/10/2024,,,,ท่อ 3/8,,,2,อัน,38,76,71.03,4.97
28/10/2024,,,,โค้ง,,,4,อัน,5,20,18.69,1.31
28/10/2024,,,,ช่างแพ็ค,,,1,เมตร,15,15,14.02,0.98
28/10/2024,,,SIKO,ทินเนอร์,,,1,ปิ๊ป,850,850,794.39,55.61
28/10/2024,,,,เงา,,9301,1,กล,720,720,672.9,47.1
28/10/2024,,,,กระดาษทราย,,50,3,เมตร,100,300,280.37,19.63
28/10/2024,,,,กระดาษทราย,,120,3,เมตร,100,300,280.37,19.63
30/10/2024,,,SIKO,ทินเนอร์,,,1,ปิ๊ป,850,850,794.39,55.61
30/10/2024,นครทวดทองคอนกรีด,MX70089966,,คอนกรีดกำลังอัก180,,,2,ลบ.ม,"1,850.00","3,700.00","3,457.94",242.06
30/10/2024,นครทวดทองคอนกรีด,MX70089966,,ค่าขนส่ง,,,1,ครั่ง,450,450,420.56,29.44
30/10/2024,หจก.นครไทยศิลป์,ORVM6710000072,TOA,เงา,D,Y0121,1,กป,280,280,261.68,18.32
30/10/2024,หจก.นครไทยศิลป์,ORVM6710000072,TOA,ด้าน,A,NS2028-1,1,กล,930,930,869.16,60.84
31/10/2024,SEUPDATE X LAZADA,9.36041E+14,,ฟิลทกระจกกันคนมอง,,,1,ชิ้น,299,299,279.44,19.56
31/10/2024,หจก.นครไทยศิลป์,ORVM6710000077,TOA,เงา,A,W9044,1,กล,900,900,841.12,58.88
1/11/2024,โรงงานวงกบหมูรุ่งเรืองกิจ,40/16,,80x200,,,1,บาน,"1,800.00","1,800.00","1,682.24",117.76
1/11/2024,โรงงานวงกบหมูรุ่งเรืองกิจ,40/16,,80x200,,,1,บาน,"3,600.00","3,600.00","3,364.49",235.51
1/11/2024,โรงแปรรูปไม้สมโชค,,,102.9x237,,,1,ชุด,"5,500.00","5,500.00","5,140.19",359.81
1/11/2024,โรงแปรรูปไม้สมโชค,,,120x200,,,1,ชุด,"5,000.00","5,000.00","4,672.90",327.1
1/11/2024,โรงแปรรูปไม้สมโชค,,,168x109,,,1,ชุด,"5,360.00","5,360.00","5,009.35",350.65
1/11/2024,โรงแปรรูปไม้สมโชค,,,80x220,,,1,ชุด,"5,700.00","5,700.00","5,327.10",372.9
1/11/2024,โรงแปรรูปไม้สมโชค,,,80x220,,,1,ชุด,"5,000.00","5,000.00","4,672.90",327.1
1/11/2024,โรงแปรรูปไม้สมโชค,,,90x220,,,1,ชุด,"4,700.00","4,700.00","4,392.52",307.48
1/11/2024,โรงแปรรูปไม้สมโชค,,,80x200,,,1,ชุด,"2,700.00","2,700.00","2,523.36",176.64
1/11/2024,,,,ก้อนหินพล็อก,,,300,ชิ้น,6,"1,800.00","1,682.24",117.76
1/11/2024,,,,ส่อมมุ่มเสือ,,,5,ชิ้น,160,800,747.66,52.34
1/11/2024,,,,เสม2หุน,,,3,ชิ้น,58,174,162.62,11.38
1/11/2024,PSO96,,,น.เครื่อง+ใส่กรอง,,,1,ชุด,800,800,747.66,52.34
1/11/2024,PSO96,,,น.เกียร์+เฟื่องท้าย,,,1,ชุด,950,950,887.85,62.15
1/11/2024,PSO96,,,ไสกรองโซล่า,,,1,ลูก,250,250,233.64,16.36
1/11/2024,PSO96,,,ค่าแรง,,,1,ชุด,150,150,140.19,9.81
1/11/2024,หจก.นครไทยศิลป์,ORVM6711000002,SIKO,ทินเนอร์,,3A,1,ปิ๊ป,890,890,831.78,58.22
1/11/2024,หจก.นครไทยศิลป์,ORVM6711000002,TOA,สีพ่นร่องพื้น,,,1,กล,790,790,738.32,51.68
1/11/2024,หจก.นครไทยศิลป์,ORVM6711000002,TOA,เงา,D,N6049,1,กป,290,290,271.03,18.97
1/11/2024,หจก.นครไทยศิลป์,ORVM6711000002,TOA,เงา,B,N6309,1,กป,240,240,224.3,15.7
1/11/2024,หจก.นครไทยศิลป์,ORVM6711000002,TOA,เงา,A,N6310,1,กป,260,260,242.98,17.02
2/11/2024,,,SIKO,ทินเนอร์,,,1,ปิ๊ป,850,850,794.39,55.61
4/11/2024,โรงงานวงกบหมูรุ่งเรืองกิจ,40/22,,100x200,,,1,บาน,"2,000.00","2,000.00","1,869.16",130.84
4/11/2024,โรงงานวงกบหมูรุ่งเรืองกิจ,40/22,,90x200,,,2,บาน,"1,900.00","3,800.00","3,551.40",248.6
4/11/2024,โรงงานวงกบหมูรุ่งเรืองกิจ,40/22,,70x200,,,1,บาน,"1,800.00","1,800.00","1,682.24",117.76
4/11/2024,โรงงานวงกบหมูรุ่งเรืองกิจ,40/22,,100x200,,,1,บาน,"5,000.00","5,000.00","4,672.90",327.1
4/11/2024,โรงงานวงกบหมูรุ่งเรืองกิจ,40/22,,90x200,,,1,บาน,"4,800.00","4,800.00","4,485.98",314.02
4/11/2024,โรงงานวงกบหมูรุ่งเรืองกิจ,40/22,,70x200,,,1,บาน,"4,600.00","4,600.00","4,299.07",300.93
4/11/2024,โรงงานวงกบหมูรุ่งเรืองกิจ,40/22,,90x200,,,1,บาน,"3,500.00","3,500.00","3,271.03",228.97
4/11/2024,,,SIKO,ทินเนอร์,,,1,ปิ๊ป,850,850,794.39,55.61
4/11/2024,,,BEGER,สีน้ำมัน ดำ,,,1,กป,140,140,130.84,9.16
5/11/2024,,,SIKO,ทินเนอร์,,,1,ปิ๊ป,850,850,794.39,55.61
5/11/2024,หจก.นครไทยศิลป์,ORVM6711000006,TOA,สีพ่นร่องพื้น,,,1,กล,790,790,738.32,51.68
5/11/2024,หจก.นครไทยศิลป์,ORVM6711000006,,กระดาษกาว1.5นิ้ว,,,4,ม้วน,30,120,112.15,7.85
5/11/2024,,,,ปลอกสูบ,,,2,อัน,600,"1,200.00","1,121.50",78.5
5/11/2024,,,,ลูกสูบ,,,4,อัน,180,720,672.9,47.1
5/11/2024,,,,ประเก็น,,,4,อัน,80,320,299.07,20.93
5/11/2024,,,,?,,,1,อัน,40,40,37.38,2.62
5/11/2024,,,,?,,,1,อัน,80,80,74.77,5.23
5/11/2024,,,,?,,,1,อัน,20,20,18.69,1.31
6/11/2024,,,SIKO,ทินเนอร์,,,2,ปิ๊ป,850,"1,700.00","1,588.79",111.21
6/11/2024,โรงแปรรูปไม้สมโชค,,,150x200,,,1,บาน,"8,500.00","8,500.00","7,943.93",556.07
6/11/2024,,,,มีนไล่ฝุ่น,,,1,อัน,150,150,140.19,9.81
6/11/2024,,,,ค่าธรรมเนียมบัตร,,,1,อัน,450,450,420.56,29.44
6/11/2024,,,,พิมแจ็ค200 L3 HP,,,1,ชิ้น,"25,300.00","25,300.00","23,644.86","1,655.14"
6/11/2024,หจก.นครไทยศิลป์,ORVM6711000007,TOA,เงา,A,6460,1,กล,900,900,841.12,58.88
7/11/2024,หจก.นครไทยศิลป์,ORVM6711000009,TOA,ด้าน,A,NS2028-1,1,กล,930,930,869.16,60.84
7/11/2024,หจก.นครไทยศิลป์,ORVM6711000009,TOA,เงา,A,W9044,1,กป,250,250,233.64,16.36
8/11/2024,,,SIKO,ทินเนอร์,,,1,ปิ๊ป,850,850,794.39,55.61
8/11/2024,หจก.นครไทยศิลป์,ORVM6711000013,TOA,ด้าน,A,NS2028-1,4,กป,232.5,930,869.16,60.84
8/11/2024,,,,สอม มุมเสือพลส,,,8,อัน,153,"1,224.00","1,143.93",80.07
11/11/2024,โรงแปรรูปไม้สมโชค,,,160x110,,,2,ชุด,"3,000.00","6,000.00","5,607.48",392.52
11/11/2024,โรงแปรรูปไม้สมโชค,,,190x242,,,1,บาน,"2,500.00","2,500.00","2,336.45",163.55
11/11/2024,โรงแปรรูปไม้สมโชค,,,144x215 บานหนา2 cm,,,1,ชุด,"5,800.00","5,800.00","5,420.56",379.44
11/11/2024,,,,สอม มุมเสือพลส,,,1,อัน,155,155,144.86,10.14
11/11/2024,บ้านสีสวย,14-Dec,TOA,พ่นรอวพื้นเทา,,,2,กล,890,"1,780.00","1,663.55",116.45
11/11/2024,บ้านสีสวย,14-Dec,TOA,ด้าน,,,2,กล,890,"1,780.00","1,663.55",116.45
12/11/2024,,,,ประตูมีช่องแสงเล็ก,210x107,,1,ชุด,140,140,130.84,9.16
12/11/2024,,,,กระจกช่องแสงใส,220x46,,1,ชุด,140,140,130.84,9.16
12/11/2024,,,,ช่่องแสง3ช่องใส,100x150,,1,ชุด,680,680,635.51,44.49
12/11/2024,,,,ช่องแสง+หน้าต่างใส,100x150,,1,ชุด,660,660,616.82,43.18
12/11/2024,,,,ประตูลูกฟัก10ช่องใส,214x95,,1,ชุด,700,700,654.21,45.79
12/11/2024,,,,ประตูลูกฟัก4ช่องใส,260x100,,1,ชุด,250,250,233.64,16.36
12/11/2024,,,,หน้าต่างบานคู่,140x105,,1,ชุด,320,320,299.07,20.93
12/11/2024,,,,ประตูกระจกใส,200x80,,1,ชุด,320,320,299.07,20.93
12/11/2024,,,,กระจกกลม3ช่องใส,100,,1,ชุด,350,350,327.1,22.9
12/11/2024,,,,หน้้าต่าง4บานช่องแสง,110x168,,1,ชุด,640,640,598.13,41.87
12/11/2024,,,,กระจกกลมใส,100,,1,ชุด,520,520,485.98,34.02
12/11/2024,,,,ประตูมีช่องแสงเล็กใส,182x80,,2,ชุด,50,100,93.46,6.54
12/11/2024,,,,ประตูลูกฟัก,200x80,,1,ชุด,400,400,373.83,26.17
12/11/2024,,,SIKO,ทินเนอร์,,,2,ปิ๊ป,850,"1,700.00","1,588.79",111.21
13/11/2024,,,,ซับวงกบประตู,,,3,ชุด,"1,300.00","3,900.00","3,644.86",255.14
14/11/2024,โรงงานวงกบหมูรุ่งเรืองกิจ,40/28,,100x200,,,1,บาน,"2,000.00","2,000.00","1,869.16",130.84
14/11/2024,โรงงานวงกบหมูรุ่งเรืองกิจ,40/28,,100x200,,,1,บาน,"4,000.00","4,000.00","3,738.32",261.68
15/11/2024,หจก.นครไทยศิลป์,ORVM6711000028,TOA,ด้าน,,,1,กล,930,930,869.16,60.84
15/11/2024,หจก.นครไทยศิลป์,ORVM6711000028,SIKO,ทินเนอร์,,,1,ปิ๊ป,890,890,831.78,58.22
15/11/2024,หจก.นครไทยศิลป์,ORVM6711000028,SPC,แปรงทาสี,,,1,อัน,20,20,18.69,1.31
15/11/2024,หจก.นครไทยศิลป์,ORVM6711000028,อินดี้,แปรงทาสี,,,1,อัน,100,100,93.45,6.55
15/11/2024,,,,THW 1X25,,,50,ม,12.5,625,584.11,40.89
15/11/2024,,,,THW 1X25,,,50,ม,12.5,625,584.11,40.89
15/11/2024,,,,THW 1X1.5,,,50,ม,8.5,425,397.2,27.8
15/11/2024,,,,THW 1X1.5,,,50,ม,8.5,425,397.2,27.8
15/11/2024,,,,ตรับลอลิพัด,,,6,อัน,35,210,196.26,13.74
15/11/2024,,,,?,,,30,อัน,6,180,168.22,11.78
15/11/2024,,,,?,,,5,อัน,20,100,93.46,6.54
15/11/2024,,,,3 ฟิวพาพา,,,3,อัน,32,96,89.72,6.28
15/11/2024,,,,กราวคู่ พานา,,,3,อัน,120,360,336.45,23.55
15/11/2024,,,,เบเกอร์ 30 พาด,,,1,อัน,155,155,144.86,10.14
15/11/2024,,,,ฝาดรอบ,,,1,อัน,20,20,18.69,1.31
15/11/2024,,,,?,,,3,อัน,20,60,56.07,3.93
15/11/2024,,,,ตะปู 20 มิล,,,40,อัน,4,160,149.53,10.47
15/11/2024,,,,ถุงดำ,,,3,อัน,20,60,56.07,3.93
15/11/2024,,,,กล่องหินระเบิด,,,1,อัน,20,20,18.69,1.31
15/11/2024,,,,ต่อตรง 20 มิล,,,10,อัน,6,60,56.07,3.93
15/11/2024,,,,ชุดหลอดยาว 42,,,3,อัน,220,660,616.82,43.18
16/11/2024,โรงแปรรูปไม้สมโชค,,,80x206 กระจก20 cm,,,1,บาน,"3,000.00","3,000.00","2,803.74",196.26
16/11/2024,โรงแปรรูปไม้สมโชค,,,80x207 กระจก20 cm,,,1,บาน,"3,000.00","3,000.00","2,803.74",196.26
16/11/2024,โรงแปรรูปไม้สมโชค,,,80x200,,,1,บาน,"3,000.00","3,000.00","2,803.74",196.26
16/11/2024,โรงแปรรูปไม้สมโชค,,,138x239,,,1,บาน,"2,700.00","2,700.00","2,523.36",176.64
16/11/2024,โรงแปรรูปไม้สมโชค,,,80x200,,,1,บาน,600,600,560.75,39.25
18/11/2024,,,,20 มิล,,,3,อัน,39,117,109.35,7.65
18/11/2024,,,,20 มิล,,,2,อัน,20,40,37.38,2.62
18/11/2024,หจก.นครไทยศิลป์,ORVM6711000035,TOA,ด้าน,A,,1,กล,930,930,869.16,60.84
18/11/2024,หจก.นครไทยศิลป์,ORVM6711000035,TOA,เงา,A,,1,กป,250,250,233.64,16.36
19/11/2024,,,,สีย้อมไม้,,,1,กป,850,850,794.39,55.61
19/11/2024,,,,กระดาากาว,,,12,ชิ้น,40,480,448.6,31.4
20/11/2024,หจก.นครไทยศิลป์,ORVM6711000038,TOA,เงา,A,,1,กป,260,260,242.99,17.01
21/11/2024,หจก.นครไทยศิลป์,ORVM6711000041,TOA,ด้าน,A,R2102,1,กล,830,830,775.7,54.3
21/11/2024,หจก.นครไทยศิลป์,ORVM6711000041,TOA,ด้าน,A,Y0117,1,กล,840,840,785.05,54.95
22/11/2024,โรงแปรรูปไม้สมโชค,,,ไม้คิ้ว ประตู,,,1,ชุด,900,900,841.12,58.88
22/11/2024,โรงแปรรูปไม้สมโชค,,,100x200,,,1,ชุด,"6,200.00","6,200.00","5,794.39",405.61
22/11/2024,โรงแปรรูปไม้สมโชค,,,110x140,,,1,ชุด,"6,300.00","6,300.00","5,887.85",412.15
22/11/2024,โรงแปรรูปไม้สมโชค,,,60x140,,,1,ชุด,"4,500.00","4,500.00","4,205.61",294.39
22/11/2024,หจก.นครไทยศิลป์,ORVM6711000041,TOA,ด้าน,A,R2102,1,กล,830,830,775.7,54.3
22/11/2024,หจก.นครไทยศิลป์,ORVM6711000041,TOA,ด้าน,A,Y0117,1,กล,840,840,785.05,54.95
22/11/2024,,,,ปั้มลมไทเกอร์ 270+ชุดเครื่องมือ,,,1,ตัว,"28,000.00","28,000.00","26,168.22","1,831.78"
22/11/2024,,,,คันปั้มลมJET2004X3 HP,,,1,ตัว,"15,300.00","15,300.00","14,299.07","1,000.93"
23/11/2024,,,,สีเหลือง314,,,1,ชิ้้น,54,54,50.47,3.53
23/11/2024,,,,? 314,,,10,ชิ้น,5,50,46.73,3.27
23/11/2024,,,,คัทเลท์ 60 A,,,1,ชิ้น,230,230,214.95,15.05
25/11/2024,โรงแปรรูปไม้สมโชค,,,160x106,,,1,ชุด,"4,500.00","4,500.00","4,205.61",294.39
26/11/2024,โรงแปรรูปไม้สมโชค,,,150x40,,,1,บาน,"1,200.00","1,200.00","1,121.50",78.5
27/11/2024,หจก.นครไทยศิลป์,OSVS6711000392,TOA,ด้าน,A,NS2028-1,1,กล,930,930,869.16,60.84
27/11/2024,หจก.นครไทยศิลป์,OSVS6711000392,TOA,ด้าน,D,Y0067,2,กป,420,840,785.05,54.95
27/11/2024,หจก.นครไทยศิลป์,ORVM6711000050,TOA,ด้าน,A,NS2028-1,1,กล,930,930,869.16,60.84
27/11/2024,หจก.นครไทยศิลป์,ORVM6711000050,TOA,ด้าน,D,Y0067,2,กป,420,840,785.05,54.95
28/11/2024,โรงแปรรูปไม้สมโชค,,,90x200,,,9,บาน,"2,700.00","24,300.00","22,710.28","1,589.72"
28/11/2024,โรงแปรรูปไม้สมโชค,,,90x220,,,6,บาน,"2,800.00","16,800.00","15,700.93","1,099.07"
28/11/2024,โรงแปรรูปไม้สมโชค,41/18,,90x200,,,8,บาน,600,"4,800.00","4,485.98",314.02
30/11/2024,โรงงานวงกบหมูรุ่งเรืองกิจ,41/18,,90X200,,,1,บาน,"1,900.00","1,900.00","1,775.70",124.3
30/11/2024,โรงงานวงกบหมูรุ่งเรืองกิจ,41/18,,90X200 ลูกฟักไม่เสมอขอบ,,,1,บาน,"3,500.00","3,500.00","3,271.03",228.97
30/11/2024,โรงงานวงกบหมูรุ่งเรืองกิจ,41/18,,100นอกx205นอก,,,1,บาน,"2,000.00","2,000.00","1,869.16",130.84
30/11/2024,โรงงานวงกบหมูรุ่งเรืองกิจ,41/18,,ฟิักไม่เสมอขอบ,,,1,บาน,"3,800.00","3,800.00","3,551.40",248.6
2/12/2024,หจก.นครไทยศิลป์,ORVM6712000003,TOA,ด้าน,A,NS2096-3,1,กล,830,830,775.7,54.3
2/12/2024,หจก.นครไทยศิลป์,ORVM6712000003,TOA,ด้าน,A,NS2028-1,1,กล,940,940,878.5,61.5
2/12/2024,หจก.นครไทยศิลป์,ORVM6712000003,TOA,ด้าน,A,NS3002-5,1,กป,320,320,299.07,20.93
5/12/2024,โรงแปรรูปไม้สมโชค,,,100x200,,,1,บาน,600,600,560.75,39.25
5/12/2024,โรงแปรรูปไม้สมโชค,,,100x200,,,1,บาน,"2,500.00","2,500.00","2,336.45",163.55
5/12/2024,โรงแปรรูปไม้สมโชค,,,89.5x200,,,1,บาน,"2,000.00","2,000.00","1,869.16",130.84
5/12/2024,โรงแปรรูปไม้สมโชค,,,130x205,,,1,ชุด,"4,700.00","4,700.00","4,392.52",307.48
5/12/2024,โรงแปรรูปไม้สมโชค,,,200x210,,,1,ชุด,"6,500.00","6,500.00","6,074.77",425.23
5/12/2024,โรงแปรรูปไม้สมโชค,,,ซับงวกบ,,,1,ชุด,"1,500.00","1,500.00","1,401.87",98.13
5/12/2024,หจก.นครไทยศิลป์,ORVM6712000010,TOA,ด้าน,D,NS2098-7,2,กป,420,840,785.05,54.95
5/12/2024,หจก.นครไทยศิลป์,ORVM6712000010,TOA,ด้าน,B,NS3007-5,1,กป,230,230,214.95,15.05
5/12/2024,หจก.นครไทยศิลป์,ORVM6712000010,TOA,สีย้อมไม้,,,1,กล,980,980,915.89,64.11
6/12/2024,หจก.นครไทยศิลป์,OSVS6712000116,TOA,เงา,B,N5237,1,กป,280,280,261.68,18.32
6/12/2024,หจก.นครไทยศิลป์,OSVS6712000116,TOA,เงา,B,N6402,1,กป,260,260,242.99,17.01
6/12/2024,หจก.นครไทยศิลป์,ORVM6712000014,TOA,เงา,B,NS3010-2,1,กป,280,280,261.68,18.32
6/12/2024,หจก.นครไทยศิลป์,ORVM6712000014,TOA,เงา,B,NS3010-2,1,กป,260,260,242.99,17.01
6/12/2024,โรงงานวงกบหมูรุ่งเรืองกิจ,41/22,,87x210,,,1,บาน,"1,900.00","1,900.00","1,775.70",124.3
6/12/2024,โรงงานวงกบหมูรุ่งเรืองกิจ,41/22,,87x210,,,1,บาน,"4,200.00","4,200.00","3,925.23",274.77
8/12/2024,,,SIKO,ทินเนอร์,,,1,ปิ๊ป,800,800,747.66,52.34
10/12/2024,หจก.นครไทยศิลป์,ORVM6712000023,TOA,ด้าน,D,N6397,2,กป,280,560,523.37,36.63
10/12/2024,หจก.นครไทยศิลป์,ORVM6712000023,TOA,เงา,B,N6055,1,กป,260,260,242.99,17.01
10/12/2024,,,SIKO,ทินเนอร์,,,1,ปิ๊ป,850,850,794.39,55.61
12/12/2024,บริษัท นิ่มซี่เส็งขนส่ง 1988 จำกัด,,,ประตูกระจก 82x201x14/28.0 kg,,,1,ห่อ,315,315,294.39,20.61
14/12/2024,โรงแปรรูปไม้สมโชค,,,240x200,,,1,ชุด,"16,500.00","16,500.00","15,420.56","1,079.44"
14/12/2024,โรงแปรรูปไม้สมโชค,,,158x280,,,1,ชุด,"8,000.00","8,000.00","7,476.64",523.36
14/12/2024,โรงแปรรูปไม้สมโชค,,,186x246,,,1,ชุด,"6,800.00","6,800.00","6,355.14",444.86
14/12/2024,โรงแปรรูปไม้สมโชค,,,256x146,,,1,ชุด,"5,000.00","5,000.00","4,672.90",327.1
14/12/2024,โรงแปรรูปไม้สมโชค,,,90x220,,,1,ชุด,600,600,560.75,39.25
17/12/2024,โรงงานวงกบหมูรุ่งเรืองกิจ,41/28,,100x200,,,1,บาน,"2,000.00","2,000.00","1,869.16",130.84
17/12/2024,โรงงานวงกบหมูรุ่งเรืองกิจ,41/28,,100x200 ไม่เสมอขอบ,,,1,บาน,"4,000.00","4,000.00","3,738.32",261.68
18/12/2024,บริษัท อภิศักดิ์การค้า กำจัด,,BEGER,สีย้อมไม้,,,1,กล,720,720,672.9,47.1
18/12/2024,บ้านสีสวย,16/5,,เงา,,1043,1,กล,980,980,915.89,64.11
18/12/2024,บ้านสีสวย,22-Sep,TOA,พ่นพื้นเทา,,,1,กล,590,590,551.4,38.6
18/12/2024,บ้านสีสวย,22-Sep,TOA,เงา,,N6335,1,กป,240,240,224.3,15.7
18/12/2024,บ้านสีสวย,22-Sep,TOA,เงา,,34057,2,กป,270,540,504.67,35.33
18/12/2024,บ้านสีสวย,22-Sep,SIKO,ทินเนอร์,,,1,ปิ๊ป,890,890,831.78,58.22
18/12/2024,บ้านสีสวย,Sep-46,TOA,ด้าน,,W9138,1,กล,890,890,831.78,58.22
18/12/2024,โรงแปรรูปไม้สมโชค,,,126x252,,,1,ชุด,"6,500.00","6,500.00","6,074.77",425.23
18/12/2024,โรงแปรรูปไม้สมโชค,,,50x90,,,1,ชุด,"2,000.00","2,000.00","1,869.16",130.84
18/12/2024,โรงแปรรูปไม้สมโชค,,,มีอจับ,,,10,คู่,300,"3,000.00","2,803.74",196.26
19/12/2024,บ้านสีสวย,13/14,,เงา,N6335,,1,กป,240,240,224.3,15.7
20/12/2024,บริษัท อภิศักดิ์การค้า กำจัด,,SIKP,ทินเนอร์,,,1,ปิ๊ป,850,850,794.39,55.61
20/12/2024,บริษัท อภิศักดิ์การค้า กำจัด,,,?,,,1,อัน,25,25,23.36,1.64
20/12/2024,,,,ประตูโค้งกระจกใส,195x35,,1,ชุด,160,160,149.53,10.47
20/12/2024,,,,ประตูโค้งกระจกใส,200x84,,1,ชุด,600,600,560.75,39.25
20/12/2024,,,,ประตูโค้งกระจกใส,200x90,,1,ชุด,400,400,373.83,26.17
20/12/2024,,,,ช่องแสงโค้งมีหน้าต่างใส,110x160,,2,ชุด,610,"1,220.00","1,140.19",79.81
20/12/2024,,,,กระจกกลม3ช่องจกใส,100,,1,ชุด,350,350,327.1,22.9
20/12/2024,,,,ประตูลูกฟัก6ช่อง,200x80,,1,ชุด,320,320,299.07,20.93
20/12/2024,,,,ประตูมีช่องแสงโค้งจกใส,200x80,,1,ชุด,120,120,112.15,7.85
20/12/2024,,,,ประตูมีช่องแสงโค้งจกใส,200x80,,2,ชุด,150,300,280.37,19.63
20/12/2024,,,,ประตูโค้งใสกระจกแตกมา,200x85,,1,ชุด,600,600,560.75,39.25
20/12/2024,,,,ประตูลูกฟักโต้ง4ช่องใส,200x100,,1,ชุด,360,360,336.45,23.55
20/12/2024,,,,ช่องแสงโค้งด้านบน4ช่องใส,,,1,ชุด,630,630,588.79,41.21
20/12/2024,,,,หน้าต่่างมีช่องแสงโค้ง4ช่องใส,130x60,,1,ชุด,270,270,252.34,17.66
20/12/2024,,,,หน้าต่างเลื่อน2บานจกใส,106x160,,1,ชุด,500,500,467.29,32.71
20/12/2024,,,,ตัดกระจก,220x40,,2,ชุด,60,120,112.15,7.85
20/12/2024,,,,ประตูโค้งกระจกใส,200x90,,1,ชุด,400,400,373.83,26.17
20/12/2024,,,,ประตูลูกฟัก6ช่่องจกใส,200x95,,1,ชุด,400,400,373.83,26.17
20/12/2024,,,,ประตูลูกฟัก6ช่่องจกใส,203x94,,1,ชุด,400,400,373.83,26.17
20/12/2024,,,,ช่องแสงประตูจกใส,202x39,,2,ชุด,180,360,336.45,23.55
20/12/2024,,,,ช่องแสงประตูจกใส,215,,1,ชุด,80,80,74.77,5.23
20/12/2024,,,,ประตูแปรลูกฟักจกใส,200x65,,2,ชุด,300,600,560.75,39.25
20/12/2024,,,,ช่องแสงประตูจกใส,206x56,,2,ชุด,300,600,560.75,39.25
21/12/2024,,,,ประตูมีช่องแสงเล็กจกเขียวใส,248x90,,2,ชุด,270,540,504.67,35.33
21/12/2024,หจก.นครไทยศิลป์,ORV6712000039,TOA,ด้าน,A,W9138,1,กล,940,940,878.5,61.5
21/12/2024,หจก.นครไทยศิลป์,ORV6712000039,TOA,ด้าน,A,B4057,1,กป,270,270,252.34,17.66
21/12/2024,หจก.นครไทยศิลป์,ORV6712000039,SIKO,ทินเนอร์,,3A,1,ปิ๊ป,890,890,831.78,58.22
21/12/2024,หจก.นครไทยศิลป์,ORV6712000039,TOA,สีย้อมไม้,,,1,กล,850,850,794.39,55.61
23/12/2024,โรงแปรรูปไม้สมโชค,,,110x155,,,1,บาน,"4,500.00","4,500.00","4,205.61",294.39
23/12/2024,โรงแปรรูปไม้สมโชค,,,65x150,,,1,บาน,"3,500.00","3,500.00","3,271.03",228.97
23/12/2024,โรงแปรรูปไม้สมโชค,,,28.5x102,,,4,บาน,200,800,747.66,52.34
23/12/2024,โรงแปรรูปไม้สมโชค,,,100x250,,,1,ชุด,"3,800.00","3,800.00","3,551.40",248.6
23/12/2024,หจก.นครไทยศิลป์,ORVM6712000041,TOA,ด้าน,B,N6055,2,กป,260,520,485.98,34.02
23/12/2024,,,SIKO,ทินเนอร์,,,1,ปิ๊ป,850,850,794.39,55.61
23/12/2024,,,,80x200,,,2,บาน,"2,000.00","4,000.00","3,738.32",261.68
23/12/2024,,,,80x200,,,2,บาน,700,"1,400.00","1,308.41",91.59
23/12/2024,,,,100x150,,,2,บาน,"3,500.00","7,000.00","6,542.06",457.94
23/12/2024,,,,100x150,,,1,บาน,"4,500.00","4,500.00","4,205.61",294.39
24/12/2024,,,SIKO,ทินเนอร์,,,1,ปิ๊ป,850,850,794.39,55.61
25/12/2024,,,SIKO,ทินเนอร์,,,1,ปิ๊ป,850,850,794.39,55.61
26/12/2024,,,,80x200,,,1,บาน,"1,800.00","1,800.00","1,682.24",117.76
26/12/2024,,,,80x200,,,1,บาน,"3,600.00","3,600.00","3,364.49",235.51
26/12/2024,อู่ประเคียง,,,?,,,1,ชิ้น,"1,550.00","1,550.00","1,448.60",101.4
26/12/2024,อู่ประเคียง,,,?,,,1,ชิ้น,300,300,280.37,19.63
26/12/2024,อู่ประเคียง,,,?,,,1,ชิ้น,420,420,392.52,27.48
26/12/2024,อู่ประเคียง,,,?,,,1,ชิ้น,450,450,420.56,29.44
26/12/2024,อู่ประเคียง,,,?,,,1,ชิ้น,"1,400.00","1,400.00","1,308.41",91.59
26/12/2024,อู่ประเคียง,,,?,,,1,ชิ้น,170,170,158.88,11.12
26/12/2024,อู่ประเคียง,,,?,,,1,ชิ้น,300,300,280.37,19.63
26/12/2024,อู่ประเคียง,,,?,,,1,ชิ้น,600,600,560.75,39.25
26/12/2024,หจก.นครไทยศิลป์,ORVM6712000052,TOA,เงา,A,B4132,2,กป,250,500,467.29,32.71
26/12/2024,หจก.นครไทยศิลป์,ORVM6712000052,TOA,เงา,,,1,กล,750,750,700.93,49.07
26/12/2024,หจก.นครไทยศิลป์,ORVM6712000052,SIKO,ทินเนอร์,,3A,1,ปิ๊ป,890,890,831.78,58.22
26/12/2024,โรงแปรรูปไม้สมโชค,,,70x200,,,2,บาน,"2,000.00","4,000.00","3,738.32",261.68
26/12/2024,โรงแปรรูปไม้สมโชค,,,70x200,,,2,บาน,600,"1,200.00","1,121.50",78.5
26/12/2024,โรงแปรรูปไม้สมโชค,,,เจาะใสลูกบิด,,,2,ชุด,100,200,186.92,13.08
26/12/2024,โรงแปรรูปไม้สมโชค,,,เจาะใส๋ชุดตลับล็อก,,,1,ชุด,100,100,93.46,6.54
27/12/2024,หจก.นครไทยศิลป์,ORVM6712000055,TOA,สีย้อมไม้,,,1,กล,980,980,915.89,64.11
27/12/2024,หจก.นครไทยศิลป์,ORVM6712000055,TOA,เงา,B,N6081,1,กล,890,890,831.77,58.23
27/12/2024,,,,เทปกาว,,,10,ชิ้น,30,300,280.37,19.63
27/12/2024,,,,กระดาษทราย,,NO.80,3,เมตร,100,300,280.37,19.63
3/10/2024,,,SIKO,ทินเนอร์,,,2,ปิ๊ป,850,"1,700.00","1,588.79",111.21
5/10/2024,,,,สีกำ,,,1,กล,350,350,327.1,22.9
7/10/2024,หจก.นครไทยศิลป์,ORVM6710000011,TOA,เงา,,N6053,1,กป,250,250,233.64,16.36
7/10/2024,หจก.นครไทยศิลป์,ORVM6710000011,TOA,เงา,B,G5116,1,กป,330,330,308.41,21.59
7/10/2024,หจก.นครไทยศิลป์,ORVM6710000011,TOA,เงา,B,N6278,1,กป,250,250,233.64,16.36
7/10/2024,หจก.นครไทยศิลป์,ORVM6710000011,TOA,เงา,D,Y0110,1,กล,"1,050.00","1,050.00",981.31,68.69
7/10/2024,หจก.นครไทยศิลป์,ORVM6710000011,TOA,ด้าน,D,NS2028-1,1,กล,930,930,869.16,60.84
7/10/2024,หจก.นครไทยศิลป์,ORVM6710000011,TOA,ด้าน,A,N6108,1,กป,250,250,233.64,16.36
8/10/2024,หจก.นครไทยศิลป์,ORVM6710000014,TOA,ด้าน,,8460,1,กป,270,270,252.34,17.66
8/10/2024,หจก.นครไทยศิลป์,ORVM6710000014,SIKO,ทินเนอร์,,3A,1,ปิ๊ป,890,890,831.78,58.22
8/10/2024,โรงแปรรูปไม้สมโชค,,,100x200,,,1,ชุด,"3,900.00","3,900.00","3,644.86",255.14
8/10/2024,โรงแปรรูปไม้สมโชค,,,100x200,,,1,บาน,600,600,560.75,39.25
26/10/2024,,CCN671026-0004,,"ไม้เชิงชาย8""x4เมตร",,,4,แผ่น,300,"1,200.00","1,121.50",78.5
11/10/2024,,,,เสา5x4,,,4,ตัน,640,"2,560.00","2,392.52",167.48
11/10/2024,,,,อิฐคาน,,,60,ก้อน,15,900,841.12,58.88
11/10/2024,,,,ปูนเสือ,,,5,สอบ,160,800,747.66,52.34
11/10/2024,,,,หิน,,,5,ถู,70,350,327.1,22.9
11/10/2024,,,,"ตะปู 3""",,,3,โล,50,150,140.19,9.81
11/10/2024,,,,ตะปู 2'2,,,0.5,โล,50,25,23.36,1.64
11/10/2024,หจก.นครไทยศิลป์,ORVM6710000020,TOA,ด้าน,A,Y0053,1,กป,260,260,242.99,17.01
12/10/2024,,,,ประตูโค้งใส,230x100,,2,ชุด,600,"1,200.00","1,121.50",78.5
12/10/2024,,,,กระจกกลม3ช่อง,80,,1,ชุด,400,400,373.83,26.17
12/10/2024,,,,บานหน้าต่างเสมอขอบ,200x54,,2,ชุด,340,680,635.51,44.49
12/10/2024,,,,ประตูลูกฟัก6ช่องใส,200x80,,1,ชุด,320,320,299.07,20.93
12/10/2024,,,,หน้าต่างชุด4บาน,110x150,,2,ชุด,420,840,785.05,54.95
12/10/2024,,,,กระจกกลมใส,100,,1,ชุด,520,520,485.98,34.02
12/10/2024,,,,ประตูมีช่องแสงเล็ก,200x80,,1,ชุด,160,160,149.53,10.47
12/10/2024,,,,ช่องแสงโโค้ง+หน้าต่าง,150x120,,1,ชุด,620,620,579.44,40.56
12/10/2024,,,,ประตูโค้งใส,200x80,,1,ชุด,420,420,392.52,27.48
14/10/2024,,,,100x200,,,1,บาน,"2,000.00","2,000.00","1,869.16",130.84
14/10/2024,,,,100x200,,,1,บาน,"3,800.00","3,800.00","3,551.40",248.6
14/10/2024,โรงแปรรูปไม้สมโชค,,,เจาะใส่ตัวล็อก,,,2,ชุด,100,200,186.92,13.08
14/10/2024,โรงแปรรูปไม้สมโชค,,,ติดคิ้วเพิ่ม,,,2,บาน,125,250,233.64,16.36
14/10/2024,โรงแปรรูปไม้สมโชค,,,ชุดบานเลื่อน,,,1,ชุด,"3,000.00","3,000.00","2,803.74",196.26
14/10/2024,โรงแปรรูปไม้สมโชค,,,ซับวงกบ,,,1,ชุด,200,200,186.92,13.08
14/10/2024,โรงแปรรูปไม้สมโชค,,,ซับวงดาวกบ,,,1,ชุด,500,500,467.29,32.71
14/10/2024,,,SIKO,ทินเนอร์,,,1,ปิ๊ป,850,850,794.39,55.61
17/10/2024,,,SIKO,ทินเนอร์,,,1,ปิ๊ป,850,850,794.39,55.61
17/10/2024,หจก.นครไทยศิลป์,ORVM6710000034,TOA,ด้าน,A,NS2028-1,1,กล,930,930,869.16,60.84
17/10/2024,หจก.นครไทยศิลป์,ORVM6710000034,TOA,สีพ่นร่องพื้น,,,1,กล,790,790,738.32,51.68
17/10/2024,หจก.นครไทยศิลป์,ORVM6710000034,TOA,เงา,A,B4215,1,กป,250,250,233.64,16.36
17/10/2024,หจก.นครไทยศิลป์,ORVM6710000034,TOA,เงา,B,G5158,1,กป,300,300,280.37,19.63
17/10/2024,หจก.นครไทยศิลป์,ORVM6710000034,SIKO,ทินเนอร์อะครีลิค,,3603S,1,ปิ๊ป,890,890,831.78,58.22
18/10/2024,โรงแปรรูปไม้สมโชค,,,150x224,,,1,ชุด,"4,200.00","4,200.00","3,925.23",274.77
18/10/2024,โรงแปรรูปไม้สมโชค,,,80x196,,,1,บาน,"2,200.00","2,200.00","2,056.07",143.93
18/10/2024,โรงแปรรูปไม้สมโชค,,,79.5x209,,,1,บาน,"2,300.00","2,300.00","2,149.53",150.47
18/10/2024,โรงแปรรูปไม้สมโชค,,,77x200,,,1,บาน,"3,000.00","3,000.00","2,803.74",196.26
18/10/2024,โรงแปรรูปไม้สมโชค,,,93x223,,,1,บาน,"5,000.00","5,000.00","4,672.90",327.1
18/10/2024,โรงแปรรูปไม้สมโชค,,,80x200,,,1,บาน,"2,600.00","2,600.00","2,429.91",170.09
18/10/2024,โรงแปรรูปไม้สมโชค,,,107x200,,,1,บาน,"4,400.00","4,400.00","4,112.15",287.85
18/10/2024,อู่ประเคียง,,,?,,,1,ชุด,"1,350.00","1,350.00","1,261.68",88.32
18/10/2024,อู่ประเคียง,,,?,,,1,ชุด,950,950,887.85,62.15
18/10/2024,อู่ประเคียง,,,?,,,1,ชุด,170,170,158.88,11.12
18/10/2024,อู่ประเคียง,,,?,,,1,ชุด,250,250,233.64,16.36
18/10/2024,อู่ประเคียง,,,ค่ายริการ,,,1,ชุด,800,800,747.66,52.34
18/10/2024,หจก.นครไทยศิลป์,OSVS6710000387,TOA,เงา,B,G5116,1,กป,330,330,308.41,21.59
18/10/2024,หจก.นครไทยศิลป์,OSVS6710000387,TOA,เงา,D,G5163,1,กป,320,320,299.07,20.93
18/10/2024,หจก.นครไทยศิลป์,OSVS6710000387,TOA,เงา,B,N6278,1,กป,250,250,233.64,16.36
18/10/2024,หจก.นครไทยศิลป์,OSVS6710000387,TOA,ด้าน,A,NS2028-1,1,กล,930,930,869.16,60.84
18/10/2024,หจก.นครไทยศิลป์,OSVS6710000387,SIKO,ทินเนอร์,,3603S,1,ปิ๊ป,890,890,831.78,58.22
18/10/2024,หจก.นครไทยศิลป์,ORVM6710000036,TOA,เงา,B,G5116,1,กป,330,330,308.41,21.59
18/10/2024,หจก.นครไทยศิลป์,ORVM6710000036,TOA,เงา,D,G5163,1,กป,320,320,299.07,20.93
18/10/2024,หจก.นครไทยศิลป์,ORVM6710000036,TOA,เงา,B,N6278,1,กป,250,250,233.64,16.36
18/10/2024,หจก.นครไทยศิลป์,ORVM6710000036,TOA,ด้าน,A,NS2028-1,1,กล,930,930,869.16,60.84
18/10/2024,หจก.นครไทยศิลป์,ORVM6710000036,SIKO,ทินเนอร์,,3603S,1,ปิ๊ป,890,890,831.78,58.22
19/10/2024,โรงแปรรูปไม้สมโชค,,,90x200,,,4,บาน,600,"2,400.00","2,242.99",157.01
21/10/2024,หจก.นครไทยศิลป์,ORVM6710000040,TOA,ด้าน,D,B4235,1,กป,380,380,355.14,24.86
21/10/2024,หจก.นครไทยศิลป์,ORVM6710000040,TOA,ด้าน,D,R2067,1,กป,370,370,345.79,24.21
21/10/2024,หจก.นครไทยศิลป์,ORVM6710000040,TOA,ด้าน,D,Y0031,1,กป,450,450,420.56,29.44
21/10/2024,หจก.นครไทยศิลป์,ORVM6710000040,TOA,ด้าน,B,O1010,1,กป,250,250,233.64,16.36
21/10/2024,,,,ทินเนอร์,,,1,ปิ๊ป,850,850,794.39,55.61
21/10/2024,,,,น้ำมัน,,,1,กล,150,150,140.19,9.81
22/10/2024,,,,ทินเนอร์,,,1,ปิ๊ป,850,850,794.39,55.61
22/10/2024,,,,กระดาษกาว,,,5,อัน,30,150,140.19,9.81
23/10/2024,,,,100x200,,,1,บาน,"2,000.00","2,000.00","1,869.16",130.84
23/10/2024,,,,ฟัก3ลูกจก4ช่อง,100x200,,1,บาน,"3,800.00","3,800.00","3,551.40",248.6
23/10/2024,N.S,128/29,,สีย้อมไม้,,,1,กล,850,850,794.39,55.61
23/10/2024,หจก.นครไทยศิลป์,ORVM6710000046,TOA,เงา,A,B4215,1,กป,250,250,233.64,16.36
23/10/2024,หจก.นครไทยศิลป์,ORVM6710000046,TOA,แห้งเร็ว,,,1,กล,790,790,738.32,51.68
23/10/2024,หจก.นครไทยศิลป์,ORVM6710000046,SIKO,ทินเนอร์,,3A,1,ปิ๊ป,890,890,831.78,58.22
24/10/2024,บริษัท เม้งฮวดนครศรีฯ จำกัด,IN671024-0073,,"ตะขอ กระเบื้อง แปไม้8""",,,186,ชิ้น,4,744,695.33,48.67
25/10/2024,บริษัท เม้งฮวดนครศรีฯ จำกัด,IN671024-0045,,4ฟุต สีเทาสิลา,,,60,แผ่น,65,"3,900.00","3,644.86",255.14
25/10/2024,บริษัท เม้งฮวดนครศรีฯ จำกัด,IN671024-0045,,5ฟุต สีเทาสิลา,,,33,แผ่น,85,"2,805.00","2,621.50",183.5
25/10/2024,บริษัท เม้งฮวดนครศรีฯ จำกัด,IN671024-0045,,ครอบสันโค้ง,,,20,แผ่น,88,"1,760.00","1,644.86",115.14
25/10/2024,บริษัท เม้งฮวดนครศรีฯ จำกัด,IN671024-0045,,รางน้ำตะเข้2เมตร,,,3,ชิ้น,420,"1,260.00","1,177.57",82.43
25/10/2024,บริษัท เม้งฮวดนครศรีฯ จำกัด,IN671024-0045,,"ไม้้เชิงชาย8""x4 เมตร",,,4,แผ่น,300,"1,200.00","1,121.50",78.5
25/10/2024,หจก.นครไทยศิลป์,ORVM6710000053,TOA,เงา,B,NS1835-5,1,กล,830,830,775.7,54.3
25/10/2024,หจก.นครไทยศิลป์,ORVM6710000053,SIKO,ทินเนอร์,,3A,1,ปิ๊ป,890,890,831.78,58.22
26/10/2024,โรงแปรรูปไม้สมโชค,,,90x190,,,1,บาน,"3,000.00","3,000.00","2,803.74",196.26
26/10/2024,โรงแปรรูปไม้สมโชค,,,86x185,,,1,บาน,"3,100.00","3,100.00","2,897.20",202.8
26/10/2024,โรงแปรรูปไม้สมโชค,,,87x186,,,1,บาน,"3,100.00","3,100.00","2,897.20",202.8
26/10/2024,โรงแปรรูปไม้สมโชค,,,150x100,,,1,บาน,"2,000.00","2,000.00","1,869.16",130.84
26/10/2024,บริษัท เม้งฮวดนครศรีฯ จำกัด,IN671026-0071,,4ฟุต สีเทาสิลา,,,10,แผ่น,65,650,607.48,42.52
26/10/2024,บริษัท เม้งฮวดนครศรีฯ จำกัด,IN671026-0071,,สกรูแปดเหลี่ยม,,,20,ชิ้น,4,80,74.77,5.23
26/10/2024,บริษัท เม้งฮวดนครศรีฯ จำกัด,IN671026-0071,,"ไม้เชิงชาย 8""x3",,,6,แผ่น,300,"1,800.00","1,682.24",117.76
27/10/2024,,,,สายพรอมP15ม,,,1,อัน,490,490,457.94,32.06
27/10/2024,,,,คิทเตอร์,,,1,อัน,20,20,18.69,1.31
27/10/2024,,,,?,,,15,อัน,3,45,42.06,2.94
27/10/2024,,,,?,,,3,อัน,38,114,106.54,7.46
27/10/2024,,,,?,,,1,อัน,120,120,112.15,7.85
27/10/2024,,,,?,,,1,อัน,98,98,91.59,6.41
27/10/2024,,,,?,,,1,อัน,29,29,27.1,1.9
27/10/2024,,,,?,,,2,อัน,25,50,46.73,3.27
27/10/2024,,,,?,,,2,อัน,20,40,37.38,2.62
27/10/2024,,,,?,,,1,อัน,75,75,70.09,4.91
28/10/2024,โรงแปรรูปไม้สมโชค,,,80x120,,,1,ชุด,"2,900.00","2,900.00","2,710.28",189.72
28/10/2024,โรงแปรรูปไม้สมโชค,,,150x100,,,2,ชุด,"2,000.00","4,000.00","3,738.32",261.68
28/10/2024,โรงแปรรูปไม้สมโชค,,,150x100,,,1,ชุด,"1,200.00","1,200.00","1,121.50",78.5
28/10/2024,,,,หัวจุ่ม,,,2,อัน,20,40,37.38,2.62
28/10/2024,,,,ประตูช่องแสงใส,200x100,,1,ชุด,160,160,149.53,10.47
28/10/2024,,,,กระจกกลมใส,100,,1,ชุด,520,520,485.98,34.02
28/10/2024,,,,ประตูโค้งใส,200x100,,1,ชุด,720,720,672.9,47.1
28/10/2024,,,,ประตูโค้งใส,200x80,,2,ชุด,320,640,598.13,41.87
28/10/2024,,,,ประตูลูกฟัก6ช่อง,200x100,,1,ชุด,400,400,373.83,26.17
28/10/2024,,,,ประตูโค้งใส,210x80,,1,ชุด,400,400,373.83,26.17
28/10/2024,,,,ประตูโค้งใส,195x80,,1,ชุด,320,320,299.07,20.93
28/10/2024,,,,ประตูโค้งใส,197x90,,1,ชุด,320,320,299.07,20.93
28/10/2024,,,,ประตูลูกฟัก6ช่อง,200x80,,1,ชุด,320,320,299.07,20.93
28/10/2024,,,,หลอดไฟ40w,,,2,อัน,195,390,364.49,25.51
28/10/2024,,,,ท่อ3/8,,,2,อัน,38,76,71.03,4.97
28/10/2024,,,,โค้ง,,,4,อัน,5,20,18.69,1.31
28/10/2024,,,,ท่อแพ็ก,,,1,เมตร,15,15,14.02,0.98
28/10/2024,,,SIKO,ทินเนอร์,,,1,ปิ๊ป,850,850,794.39,55.61
28/10/2024,,,,สีย้อมไม้เงา,,9301,1,กล,720,720,672.9,47.1
28/10/2024,,,,กระดาษทราย,,80,3,เมตร,100,300,280.37,19.63
28/10/2024,,,,กระดาษทราย,,120,3,เมตร,100,300,280.37,19.63
30/10/2024,,,SIKO,ทินเนอร์,,,1,ปิ๊ป,850,850,794.39,55.61
30/10/2024,นครทวดทองคอนกรีด,MX7008966,,คอนกรีดกำลังอัด180,,,2,ลบ.ม,"1,850.00","3,700.00","3,457.94",242.06
30/10/2024,นครทวดทองคอนกรีด,MX7008966,,ค่าขนส่ง,,,1,ครั้ง,450,450,420.56,29.44
30/10/2024,หจก.นครไทยศิลป์,ORVM71000072,TOA,เงา,D,Y0121,1,กป,280,280,261.68,18.32
30/10/2024,หจก.นครไทยศิลป์,ORVM71000072,TOA,ด้าน,A,NS2028-1,1,กล,930,930,869.16,60.84
31/10/2024,SEUPDATE X LAZADA,9.36041E+14,,IPHONR13,,,1,อัน,299,299,279.44,19.56
31/10/2024,หจก.นครไทยศิลป์,ORVM6710000077,TOA,เงา,A,W9044,1,กล,900,900,841.12,58.88
4/10/2024,โรงแปรรูปไม้สมโชค,,,90x200,,,1,บาน,"2,700.00","2,700.00","2,523.36",176.64
4/10/2024,โรงแปรรูปไม้สมโชค,,,80x200,,,2,บาน,"2,500.00","5,000.00","4,672.90",327.1
4/10/2024,โรงแปรรูปไม้สมโชค,,,90x200,,,1,บาน,600,600,560.75,39.25
4/10/2024,โรงแปรรูปไม้สมโชค,,,80x200,,,2,บาน,600,"1,200.00","1,121.50",78.5
